0,0
1,3
2,6
3,8
4,11
5,14
6,17
7,20
8,22
9,25
10,28
11,31
12,33
13,36
14,39
15,41
16,44
17,46
18,49
19,51
20,54
21,56
22,58
23,61
24,63
25,65
26,67
27,69
28,71
29,73
30,75
31,77
32,79
33,80
34,82
35,84
36,85
37,87
38,88
39,89
40,91
41,92
42,93
43,94
44,95
45,96
46,96
47,97
48,98
49,98
50,99
51,99
52,100
53,100
54,100
55,100
56,100
57,100
58,100
59,100
60,99
61,99
62,98
63,98
64,97
65,96
66,96
67,95
68,94
69,93
70,92
71,91
72,89
73,88
74,87
75,85
76,84
77,82
78,80
79,79
80,77
81,75
82,73
83,71
84,69
85,67
86,65
87,63
88,61
89,58
90,56
91,54
92,51
93,49
94,46
95,44
96,41
97,39
98,36
99,33
100,31
101,28
102,25
103,22
104,20
105,17
106,14
107,11
108,8
109,6
110,3
111,0
112,-3
113,-6
114,-8
115,-11
116,-14
117,-17
118,-20
119,-22
120,-25
121,-28
122,-31
123,-33
124,-36
125,-39
126,-41
127,-44
128,-46
129,-49
130,-51
131,-54
132,-56
133,-58
134,-61
135,-63
136,-65
137,-67
138,-69
139,-71
140,-73
141,-75
142,-77
143,-79
144,-80
145,-82
146,-84
147,-85
148,-87
149,-88
150,-89
151,-91
152,-92
153,-93
154,-94
155,-95
156,-96
157,-96
158,-97
159,-98
160,-98
161,-99
162,-99
163,-100
164,-100
165,-100
166,-100
167,-100
168,-100
169,-100
170,-100
171,-99
172,-99
173,-98
174,-98
175,-97
176,-96
177,-96
178,-95
179,-94
180,-93
181,-92
182,-91
183,-89
184,-88
185,-87
186,-85
187,-84
188,-82
189,-80
190,-79
191,-77
192,-75
193,-73
194,-71
195,-69
196,-67
197,-65
198,-63
199,-61
200,-58
201,-56
202,-54
203,-51
204,-49
205,-46
206,-44
207,-41
208,-39
209,-36
210,-33
211,-31
212,-28
213,-25
214,-22
215,-20
216,-17
217,-14
218,-11
219,-8
220,-6
221,-3
222,0
223,3
224,6
225,8
226,11
227,14
228,17
229,20
230,22
231,25
232,28
233,31
234,33
235,36
236,39
237,41
238,44
239,46
240,49
241,51
242,54
243,56
244,58
245,61
246,63
247,65
248,67
249,69
250,71
251,73
252,75
253,77
254,79
255,80
256,82
257,84
258,85
259,87
260,88
261,89
262,91
263,92
264,93
265,94
266,95
267,96
268,96
269,97
270,98
271,98
272,99
273,99
274,100
275,100
276,100
277,100
278,100
279,100
280,100
281,100
282,99
283,99
284,98
285,98
286,97
287,96
288,96
289,95
290,94
291,93
292,92
293,91
294,89
295,88
296,87
297,85
298,84
299,82
300,80
301,79
302,77
303,75
304,73
305,71
306,69
307,67
308,65
309,63
310,61
311,58
312,56
313,54
314,51
315,49
316,46
317,44
318,41
319,39
320,36
321,33
322,31
323,28
324,25
325,22
326,20
327,17
328,14
329,11
330,8
331,6
332,3
333,0
334,-3
335,-6
336,-8
337,-11
338,-14
339,-17
340,-20
341,-22
342,-25
343,-28
344,-31
345,-33
346,-36
347,-39
348,-41
349,-44
350,-46
351,-49
352,-51
353,-54
354,-56
355,-58
356,-61
357,-63
358,-65
359,-67
360,-69
361,-71
362,-73
363,-75
364,-77
365,-79
366,-80
367,-82
368,-84
369,-85
370,-87
371,-88
372,-89
373,-91
374,-92
375,-93
376,-94
377,-95
378,-96
379,-96
380,-97
381,-98
382,-98
383,-99
384,-99
385,-100
386,-100
387,-100
388,-100
389,-100
390,-100
391,-100
392,-100
393,-99
394,-99
395,-98
396,-98
397,-97
398,-96
399,-96
400,-95
401,-94
402,-93
403,-92
404,-91
405,-89
406,-88
407,-87
408,-85
409,-84
410,-82
411,-80
412,-79
413,-77
414,-75
415,-73
416,-71
417,-69
418,-67
419,-65
420,-63
421,-61
422,-58
423,-56
424,-54
425,-51
426,-49
427,-46
428,-44
429,-41
430,-39
431,-36
432,-33
433,-31
434,-28
435,-25
436,-22
437,-20
438,-17
439,-14
440,-11
441,-8
442,-6
443,-3
444,0
445,3
446,6
447,8
448,11
449,14
450,17
451,20
452,22
453,25
454,28
455,31
456,33
457,36
458,39
459,41
460,44
461,46
462,49
463,51
464,54
465,56
466,58
467,61
468,63
469,65
470,67
471,69
472,71
473,73
474,75
475,77
476,79
477,80
478,82
479,84
480,85
481,87
482,88
483,89
484,91
485,92
486,93
487,94
488,95
489,96
490,96
491,97
492,98
493,98
494,99
495,99
496,100
497,100
498,100
499,100
500,100
501,100
502,100
503,100
504,99
505,99
506,98
507,98
508,97
509,96
510,96
511,95
512,94
513,93
514,92
515,91
516,89
517,88
518,87
519,85
520,84
521,82
522,80
523,79
524,77
525,75
526,73
527,71
528,69
529,67
530,65
531,63
532,61
533,58
534,56
535,54
536,51
537,49
538,46
539,44
540,41
541,39
542,36
543,33
544,31
545,28
546,25
547,22
548,20
549,17
550,14
551,11
552,8
553,6
554,3
555,0
556,-3
557,-6
558,-8
559,-11
560,-14
561,-17
562,-20
563,-22
564,-25
565,-28
566,-31
567,-33
568,-36
569,-39
570,-41
571,-44
572,-46
573,-49
574,-51
575,-54
576,-56
577,-58
578,-61
579,-63
580,-65
581,-67
582,-69
583,-71
584,-73
585,-75
586,-77
587,-79
588,-80
589,-82
590,-84
591,-85
592,-87
593,-88
594,-89
595,-91
596,-92
597,-93
598,-94
599,-95
600,-96
601,-96
602,-97
603,-98
604,-98
605,-99
606,-99
607,-100
608,-100
609,-100
610,-100
611,-100
612,-100
613,-100
614,-100
615,-99
616,-99
617,-98
618,-98
619,-97
620,-96
621,-96
622,-95
623,-94
624,-93
625,-92
626,-91
627,-89
628,-88
629,-87
630,-85
631,-84
632,-82
633,-80
634,-79
635,-77
636,-75
637,-73
638,-71
639,-69
640,-67
641,-65
642,-63
643,-61
644,-58
645,-56
646,-54
647,-51
648,-49
649,-46
650,-44
651,-41
652,-39
653,-36
654,-33
655,-31
656,-28
657,-25
658,-22
659,-20
660,-17
661,-14
662,-11
663,-8
664,-6
665,-3
666,0
667,3
668,6
669,8
670,11
671,14
672,17
673,20
674,22
675,25
676,28
677,31
678,33
679,36
680,39
681,41
682,44
683,46
684,49
685,51
686,54
687,56
688,58
689,61
690,63
691,65
692,67
693,69
694,71
695,73
696,75
697,77
698,79
699,80
700,82
701,84
702,85
703,87
704,88
705,89
706,91
707,92
708,93
709,94
710,95
711,96
712,96
713,97
714,98
715,98
716,99
717,99
718,100
719,100
720,100
721,100
722,100
723,100
724,100
725,100
726,99
727,99
728,98
729,98
730,97
731,96
732,96
733,95
734,94
735,93
736,92
737,91
738,89
739,88
740,87
741,85
742,84
743,82
744,80
745,79
746,77
747,75
748,73
749,71
750,69
751,67
752,65
753,63
754,61
755,58
756,56
757,54
758,51
759,49
760,46
761,44
762,41
763,39
764,36
765,33
766,31
767,28
768,25
769,22
770,20
771,17
772,14
773,11
774,8
775,6
776,3
777,0
778,-3
779,-6
780,-8
781,-11
782,-14
783,-17
784,-20
785,-22
786,-25
787,-28
788,-31
789,-33
790,-36
791,-39
792,-41
793,-44
794,-46
795,-49
796,-51
797,-54
798,-56
799,-58
800,-61
801,-63
802,-65
803,-67
804,-69
805,-71
806,-73
807,-75
808,-77
809,-79
810,-80
811,-82
812,-84
813,-85
814,-87
815,-88
816,-89
817,-91
818,-92
819,-93
820,-94
821,-95
822,-96
823,-96
824,-97
825,-98
826,-98
827,-99
828,-99
829,-100
830,-100
831,-100
832,-100
833,-100
834,-100
835,-100
836,-100
837,-99
838,-99
839,-98
840,-98
841,-97
842,-96
843,-96
844,-95
845,-94
846,-93
847,-92
848,-91
849,-89
850,-88
851,-87
852,-85
853,-84
854,-82
855,-80
856,-79
857,-77
858,-75
859,-73
860,-71
861,-69
862,-67
863,-65
864,-63
865,-61
866,-58
867,-56
868,-54
869,-51
870,-49
871,-46
872,-44
873,-41
874,-39
875,-36
876,-33
877,-31
878,-28
879,-25
880,-22
881,-20
882,-17
883,-14
884,-11
885,-8
886,-6
887,-3
888,0
889,3
890,6
891,8
892,11
893,14
894,17
895,20
896,22
897,25
898,28
899,30
900,33
901,36
902,38
903,41
904,44
905,46
906,49
907,51
908,53
909,56
910,58
911,60
912,63
913,65
914,67
915,69
916,71
917,73
918,75
919,77
920,78
921,80
922,82
923,83
924,85
925,86
926,88
927,89
928,90
929,91
930,93
931,94
932,95
933,95
934,96
935,97
936,98
937,98
938,99
939,99
940,99
941,100
942,100
943,100
944,100
945,100
946,100
947,100
948,99
949,99
950,98
951,98
952,97
953,97
954,96
955,95
956,94
957,93
958,92
959,91
960,90
961,88
962,87
963,86
964,84
965,83
966,81
967,79
968,78
969,76
970,74
971,72
972,70
973,68
974,66
975,64
976,61
977,59
978,57
979,55
980,52
981,50
982,47
983,45
984,42
985,40
986,37
987,34
988,32
989,29
990,26
991,24
992,21
993,18
994,15
995,13
996,10
997,7
998,4
999,1
1000,-1
1001,-4
1002,-7
1003,-10
1004,-13
1005,-15
1006,-18
1007,-21
1008,-24
1009,-26
1010,-29
1011,-32
1012,-34
1013,-37
1014,-40
1015,-42
1016,-45
1017,-47
1018,-50
1019,-52
1020,-55
1021,-57
1022,-59
1023,-61
1024,-64
1025,-66
1026,-68
1027,-70
1028,-72
1029,-74
1030,-76
1031,-78
1032,-79
1033,-81
1034,-83
1035,-84
1036,-86
1037,-87
1038,-88
1039,-90
1040,-91
1041,-92
1042,-93
1043,-94
1044,-95
1045,-96
1046,-97
1047,-97
1048,-98
1049,-98
1050,-99
1051,-99
1052,-100
1053,-100
1054,-100
1055,-100
1056,-100
1057,-100
1058,-100
1059,-99
1060,-99
1061,-99
1062,-98
1063,-98
1064,-97
1065,-96
1066,-95
1067,-95
1068,-94
1069,-93
1070,-91
1071,-90
1072,-89
1073,-88
1074,-86
1075,-85
1076,-83
1077,-82
1078,-80
1079,-78
1080,-77
1081,-75
1082,-73
1083,-71
1084,-69
1085,-67
1086,-65
1087,-63
1088,-60
1089,-58
1090,-56
1091,-53
1092,-51
1093,-49
1094,-46
1095,-44
1096,-41
1097,-38
1098,-36
1099,-33
1100,-30
1101,-28
1102,-25
1103,-22
1104,-20
1105,-17
1106,-14
1107,-11
1108,-8
1109,-6
1110,-3
1111,0
1112,3
1113,6
1114,8
1115,11
1116,14
1117,17
1118,20
1119,22
1120,25
1121,28
1122,31
1123,33
1124,36
1125,39
1126,41
1127,44
1128,46
1129,49
1130,51
1131,54
1132,56
1133,58
1134,61
1135,63
1136,65
1137,67
1138,69
1139,71
1140,73
1141,75
1142,77
1143,79
1144,80
1145,82
1146,84
1147,85
1148,87
1149,88
1150,89
1151,91
1152,92
1153,93
1154,94
1155,95
1156,96
1157,96
1158,97
1159,98
1160,98
1161,99
1162,99
1163,100
1164,100
1165,100
1166,100
1167,100
1168,100
1169,100
1170,100
1171,99
1172,99
1173,98
1174,98
1175,97
1176,96
1177,96
1178,95
1179,94
1180,93
1181,92
1182,91
1183,89
1184,88
1185,87
1186,85
1187,84
1188,82
1189,80
1190,79
1191,77
1192,75
1193,73
1194,71
1195,69
1196,67
1197,65
1198,63
1199,61
1200,58
1201,56
1202,54
1203,51
1204,49
1205,46
1206,44
1207,41
1208,39
1209,36
1210,33
1211,31
1212,28
1213,25
1214,22
1215,20
1216,17
1217,14
1218,11
1219,8
1220,6
1221,3
1222,0
1223,-3
1224,-6
1225,-8
1226,-11
1227,-14
1228,-17
1229,-20
1230,-22
1231,-25
1232,-28
1233,-31
1234,-33
1235,-36
1236,-39
1237,-41
1238,-44
1239,-46
1240,-49
1241,-51
1242,-54
1243,-56
1244,-58
1245,-61
1246,-63
1247,-65
1248,-67
1249,-69
1250,-71
1251,-73
1252,-75
1253,-77
1254,-79
1255,-80
1256,-82
1257,-84
1258,-85
1259,-87
1260,-88
1261,-89
1262,-91
1263,-92
1264,-93
1265,-94
1266,-95
1267,-96
1268,-96
1269,-97
1270,-98
1271,-98
1272,-99
1273,-99
1274,-100
1275,-100
1276,-100
1277,-100
1278,-100
1279,-100
1280,-100
1281,-100
1282,-99
1283,-99
1284,-98
1285,-98
1286,-97
1287,-96
1288,-96
1289,-95
1290,-94
1291,-93
1292,-92
1293,-91
1294,-89
1295,-88
1296,-87
1297,-85
1298,-84
1299,-82
1300,-80
1301,-79
1302,-77
1303,-75
1304,-73
1305,-71
1306,-69
1307,-67
1308,-65
1309,-63
1310,-61
1311,-58
1312,-56
1313,-54
1314,-51
1315,-49
1316,-46
1317,-44
1318,-41
1319,-39
1320,-36
1321,-33
1322,-31
1323,-28
1324,-25
1325,-22
1326,-20
1327,-17
1328,-14
1329,-11
1330,-8
1331,-6
1332,-3
1333,0
1334,3
1335,6
1336,8
1337,11
1338,14
1339,17
1340,20
1341,22
1342,25
1343,28
1344,31
1345,33
1346,36
1347,39
1348,41
1349,44
1350,46
1351,49
1352,51
1353,54
1354,56
1355,58
1356,61
1357,63
1358,65
1359,67
1360,69
1361,71
1362,73
1363,75
1364,77
1365,79
1366,80
1367,82
1368,84
1369,85
1370,87
1371,88
1372,89
1373,91
1374,92
1375,93
1376,94
1377,95
1378,96
1379,96
1380,97
1381,98
1382,98
1383,99
1384,99
1385,100
1386,100
1387,100
1388,100
1389,100
1390,100
1391,100
1392,100
1393,99
1394,99
1395,98
1396,98
1397,97
1398,96
1399,96
1400,95
1401,94
1402,93
1403,92
1404,91
1405,89
1406,88
1407,87
1408,85
1409,84
1410,82
1411,80
1412,79
1413,77
1414,75
1415,73
1416,71
1417,69
1418,67
1419,65
1420,63
1421,61
1422,58
1423,56
1424,54
1425,51
1426,49
1427,46
1428,44
1429,41
1430,39
1431,36
1432,33
1433,31
1434,28
1435,25
1436,22
1437,20
1438,17
1439,14
1440,11
1441,8
1442,6
1443,3
1444,0
1445,-3
1446,-6
1447,-8
1448,-11
1449,-14
1450,-17
1451,-20
1452,-22
1453,-25
1454,-28
1455,-31
1456,-33
1457,-36
1458,-39
1459,-41
1460,-44
1461,-46
1462,-49
1463,-51
1464,-54
1465,-56
1466,-58
1467,-61
1468,-63
1469,-65
1470,-67
1471,-69
1472,-71
1473,-73
1474,-75
1475,-77
1476,-79
1477,-80
1478,-82
1479,-84
1480,-85
1481,-87
1482,-88
1483,-89
1484,-91
1485,-92
1486,-93
1487,-94
1488,-95
1489,-96
1490,-96
1491,-97
1492,-98
1493,-98
1494,-99
1495,-99
1496,-100
1497,-100
1498,-100
1499,-100
1500,-100
1501,-100
1502,-100
1503,-100
1504,-99
1505,-99
1506,-98
1507,-98
1508,-97
1509,-96
1510,-96
1511,-95
1512,-94
1513,-93
1514,-92
1515,-91
1516,-89
1517,-88
1518,-87
1519,-85
1520,-84
1521,-82
1522,-80
1523,-79
1524,-77
1525,-75
1526,-73
1527,-71
1528,-69
1529,-67
1530,-65
1531,-63
1532,-61
1533,-58
1534,-56
1535,-54
1536,-51
1537,-49
1538,-46
1539,-44
1540,-41
1541,-39
1542,-36
1543,-33
1544,-31
1545,-28
1546,-25
1547,-22
1548,-20
1549,-17
1550,-14
1551,-11
1552,-8
1553,-6
1554,-3
1555,0
1556,3
1557,6
1558,8
1559,11
1560,14
1561,17
1562,20
1563,22
1564,25
1565,28
1566,31
1567,33
1568,36
1569,39
1570,41
1571,44
1572,46
1573,49
1574,51
1575,54
1576,56
1577,58
1578,61
1579,63
1580,65
1581,67
1582,69
1583,71
1584,73
1585,75
1586,77
1587,79
1588,80
1589,82
1590,84
1591,85
1592,87
1593,88
1594,89
1595,91
1596,92
1597,93
1598,94
1599,95
1600,96
1601,96
1602,97
1603,98
1604,98
1605,99
1606,99
1607,100
1608,100
1609,100
1610,100
1611,100
1612,100
1613,100
1614,100
1615,99
1616,99
1617,98
1618,98
1619,97
1620,96
1621,96
1622,95
1623,94
1624,93
1625,92
1626,91
1627,89
1628,88
1629,87
1630,85
1631,84
1632,82
1633,80
1634,79
1635,77
1636,75
1637,73
1638,71
1639,69
1640,67
1641,65
1642,63
1643,61
1644,58
1645,56
1646,54
1647,51
1648,49
1649,46
1650,44
1651,41
1652,39
1653,36
1654,33
1655,31
1656,28
1657,25
1658,22
1659,20
1660,17
1661,14
1662,11
1663,8
1664,6
1665,3
1666,0
1667,-3
1668,-6
1669,-8
1670,-11
1671,-14
1672,-17
1673,-20
1674,-22
1675,-25
1676,-28
1677,-31
1678,-33
1679,-36
1680,-39
1681,-41
1682,-44
1683,-46
1684,-49
1685,-51
1686,-54
1687,-56
1688,-58
1689,-61
1690,-63
1691,-65
1692,-67
1693,-69
1694,-71
1695,-73
1696,-75
1697,-77
1698,-79
1699,-80
1700,-82
1701,-84
1702,-85
1703,-87
1704,-88
1705,-89
1706,-91
1707,-92
1708,-93
1709,-94
1710,-95
1711,-96
1712,-96
1713,-97
1714,-98
1715,-98
1716,-99
1717,-99
1718,-100
1719,-100
1720,-100
1721,-100
1722,-100
1723,-100
1724,-100
1725,-100
1726,-99
1727,-99
1728,-98
1729,-98
1730,-97
1731,-96
1732,-96
1733,-95
1734,-94
1735,-93
1736,-92
1737,-91
1738,-89
1739,-88
1740,-87
1741,-85
1742,-84
1743,-82
1744,-80
1745,-79
1746,-77
1747,-75
1748,-73
1749,-71
1750,-69
1751,-67
1752,-65
1753,-63
1754,-61
1755,-58
1756,-56
1757,-54
1758,-51
1759,-49
1760,-46
1761,-44
1762,-41
1763,-39
1764,-36
1765,-33
1766,-31
1767,-28
1768,-25
1769,-22
1770,-20
1771,-17
1772,-14
1773,-11
1774,-8
1775,-6
1776,-3
1777,0
1778,3
1779,6
1780,8
1781,11
1782,14
1783,17
1784,20
1785,22
1786,25
1787,28
1788,30
1789,33
1790,36
1791,38
1792,41
1793,44
1794,46
1795,49
1796,51
1797,53
1798,56
1799,58
1800,60
1801,63
1802,65
1803,67
1804,69
1805,71
1806,73
1807,75
1808,77
1809,78
1810,80
1811,82
1812,83
1813,85
1814,86
1815,88
1816,89
1817,90
1818,91
1819,93
1820,94
1821,95
1822,95
1823,96
1824,97
1825,98
1826,98
1827,99
1828,99
1829,99
1830,100
1831,100
1832,100
1833,100
1834,100
1835,100
1836,100
1837,99
1838,99
1839,98
1840,98
1841,97
1842,97
1843,96
1844,95
1845,94
1846,93
1847,92
1848,91
1849,90
1850,88
1851,87
1852,86
1853,84
1854,83
1855,81
1856,79
1857,78
1858,76
1859,74
1860,72
1861,70
1862,68
1863,66
1864,64
1865,61
1866,59
1867,57
1868,55
1869,52
1870,50
1871,47
1872,45
1873,42
1874,40
1875,37
1876,34
1877,32
1878,29
1879,26
1880,24
1881,21
1882,18
1883,15
1884,13
1885,10
1886,7
1887,4
1888,1
1889,-1
1890,-4
1891,-7
1892,-10
1893,-13
1894,-15
1895,-18
1896,-21
1897,-24
1898,-26
1899,-29
1900,-32
1901,-34
1902,-37
1903,-40
1904,-42
1905,-45
1906,-47
1907,-50
1908,-52
1909,-55
1910,-57
1911,-59
1912,-61
1913,-64
1914,-66
1915,-68
1916,-70
1917,-72
1918,-74
1919,-76
1920,-78
1921,-79
1922,-81
1923,-83
1924,-84
1925,-86
1926,-87
1927,-88
1928,-90
1929,-91
1930,-92
1931,-93
1932,-94
1933,-95
1934,-96
1935,-97
1936,-97
1937,-98
1938,-98
1939,-99
1940,-99
1941,-100
1942,-100
1943,-100
1944,-100
1945,-100
1946,-100
1947,-100
1948,-99
1949,-99
1950,-99
1951,-98
1952,-98
1953,-97
1954,-96
1955,-95
1956,-95
1957,-94
1958,-93
1959,-91
1960,-90
1961,-89
1962,-88
1963,-86
1964,-85
1965,-83
1966,-82
1967,-80
1968,-78
1969,-77
1970,-75
1971,-73
1972,-71
1973,-69
1974,-67
1975,-65
1976,-63
1977,-60
1978,-58
1979,-56
1980,-53
1981,-51
1982,-49
1983,-46
1984,-44
1985,-41
1986,-38
1987,-36
1988,-33
1989,-30
1990,-28
1991,-25
1992,-22
1993,-20
1994,-17
1995,-14
1996,-11
1997,-8
1998,-6
1999,-3
2000,0
2001,3
2002,6
2003,8
2004,11
2005,14
2006,17
2007,20
2008,22
2009,25
2010,28
2011,31
2012,33
2013,36
2014,39
2015,41
2016,44
2017,46
2018,49
2019,51
2020,54
2021,56
2022,58
2023,61
2024,63
2025,65
2026,67
2027,69
2028,71
2029,73
2030,75
2031,77
2032,79
2033,80
2034,82
2035,84
2036,85
2037,87
2038,88
2039,89
2040,91
2041,92
2042,93
2043,94
2044,95
2045,96
2046,96
2047,97
2048,98
2049,98
2050,99
2051,99
2052,100
2053,100
2054,100
2055,100
2056,100
2057,100
2058,100
2059,100
2060,99
2061,99
2062,98
2063,98
2064,97
2065,96
2066,96
2067,95
2068,94
2069,93
2070,92
2071,91
2072,89
2073,88
2074,87
2075,85
2076,84
2077,82
2078,80
2079,79
2080,77
2081,75
2082,73
2083,71
2084,69
2085,67
2086,65
2087,63
2088,61
2089,58
2090,56
2091,54
2092,51
2093,49
2094,46
2095,44
2096,41
2097,39
2098,36
2099,33
2100,31
2101,28
2102,25
2103,22
2104,20
2105,17
2106,14
2107,11
2108,8
2109,6
2110,3
2111,0
2112,-3
2113,-6
2114,-8
2115,-11
2116,-14
2117,-17
2118,-20
2119,-22
2120,-25
2121,-28
2122,-31
2123,-33
2124,-36
2125,-39
2126,-41
2127,-44
2128,-46
2129,-49
2130,-51
2131,-54
2132,-56
2133,-58
2134,-61
2135,-63
2136,-65
2137,-67
2138,-69
2139,-71
2140,-73
2141,-75
2142,-77
2143,-79
2144,-80
2145,-82
2146,-84
2147,-85
2148,-87
2149,-88
2150,-89
2151,-91
2152,-92
2153,-93
2154,-94
2155,-95
2156,-96
2157,-96
2158,-97
2159,-98
2160,-98
2161,-99
2162,-99
2163,-100
2164,-100
2165,-100
2166,-100
2167,-100
2168,-100
2169,-100
2170,-100
2171,-99
2172,-99
2173,-98
2174,-98
2175,-97
2176,-96
2177,-96
2178,-95
2179,-94
2180,-93
2181,-92
2182,-91
2183,-89
2184,-88
2185,-87
2186,-85
2187,-84
2188,-82
2189,-80
2190,-79
2191,-77
2192,-75
2193,-73
2194,-71
2195,-69
2196,-67
2197,-65
2198,-63
2199,-61
2200,-58
2201,-56
2202,-54
2203,-51
2204,-49
2205,-46
2206,-44
2207,-41
2208,-39
2209,-36
2210,-33
2211,-31
2212,-28
2213,-25
2214,-22
2215,-20
2216,-17
2217,-14
2218,-11
2219,-8
2220,-6
2221,-3
2222,0
2223,3
2224,6
2225,8
2226,11
2227,14
2228,17
2229,20
2230,22
2231,25
2232,28
2233,31
2234,33
2235,36
2236,39
2237,41
2238,44
2239,46
2240,49
2241,51
2242,54
2243,56
2244,58
2245,61
2246,63
2247,65
2248,67
2249,69
2250,71
2251,73
2252,75
2253,77
2254,79
2255,80
2256,82
2257,84
2258,85
2259,87
2260,88
2261,89
2262,91
2263,92
2264,93
2265,94
2266,95
2267,96
2268,96
2269,97
2270,98
2271,98
2272,99
2273,99
2274,100
2275,100
2276,100
2277,100
2278,100
2279,100
2280,100
2281,100
2282,99
2283,99
2284,98
2285,98
2286,97
2287,96
2288,96
2289,95
2290,94
2291,93
2292,92
2293,91
2294,89
2295,88
2296,87
2297,85
2298,84
2299,82
2300,80
2301,79
2302,77
2303,75
2304,73
2305,71
2306,69
2307,67
2308,65
2309,63
2310,61
2311,58
2312,56
2313,54
2314,51
2315,49
2316,46
2317,44
2318,41
2319,39
2320,36
2321,33
2322,31
2323,28
2324,25
2325,22
2326,20
2327,17
2328,14
2329,11
2330,8
2331,6
2332,3
2333,0
2334,-3
2335,-6
2336,-8
2337,-11
2338,-14
2339,-17
2340,-20
2341,-22
2342,-25
2343,-28
2344,-31
2345,-33
2346,-36
2347,-39
2348,-41
2349,-44
2350,-46
2351,-49
2352,-51
2353,-54
2354,-56
2355,-58
2356,-61
2357,-63
2358,-65
2359,-67
2360,-69
2361,-71
2362,-73
2363,-75
2364,-77
2365,-79
2366,-80
2367,-82
2368,-84
2369,-85
2370,-87
2371,-88
2372,-89
2373,-91
2374,-92
2375,-93
2376,-94
2377,-95
2378,-96
2379,-96
2380,-97
2381,-98
2382,-98
2383,-99
2384,-99
2385,-100
2386,-100
2387,-100
2388,-100
2389,-100
2390,-100
2391,-100
2392,-100
2393,-99
2394,-99
2395,-98
2396,-98
2397,-97
2398,-96
2399,-96
2400,-95
2401,-94
2402,-93
2403,-92
2404,-91
2405,-89
2406,-88
2407,-87
2408,-85
2409,-84
2410,-82
2411,-80
2412,-79
2413,-77
2414,-75
2415,-73
2416,-71
2417,-69
2418,-67
2419,-65
2420,-63
2421,-61
2422,-58
2423,-56
2424,-54
2425,-51
2426,-49
2427,-46
2428,-44
2429,-41
2430,-39
2431,-36
2432,-33
2433,-31
2434,-28
2435,-25
2436,-22
2437,-20
2438,-17
2439,-14
2440,-11
2441,-8
2442,-6
2443,-3
2444,0
2445,3
2446,6
2447,8
2448,11
2449,14
2450,17
2451,20
2452,22
2453,25
2454,28
2455,31
2456,33
2457,36
2458,39
2459,41
2460,44
2461,46
2462,49
2463,51
2464,54
2465,56
2466,58
2467,61
2468,63
2469,65
2470,67
2471,69
2472,71
2473,73
2474,75
2475,77
2476,79
2477,80
2478,82
2479,84
2480,85
2481,87
2482,88
2483,89
2484,91
2485,92
2486,93
2487,94
2488,95
2489,96
2490,96
2491,97
2492,98
2493,98
2494,99
2495,99
2496,100
2497,100
2498,100
2499,100
2500,100
2501,100
2502,100
2503,100
2504,99
2505,99
2506,98
2507,98
2508,97
2509,96
2510,96
2511,95
2512,94
2513,93
2514,92
2515,91
2516,89
2517,88
2518,87
2519,85
2520,84
2521,82
2522,80
2523,79
2524,77
2525,75
2526,73
2527,71
2528,69
2529,67
2530,65
2531,63
2532,61
2533,58
2534,56
2535,54
2536,51
2537,49
2538,46
2539,44
2540,41
2541,39
2542,36
2543,33
2544,31
2545,28
2546,25
2547,22
2548,20
2549,17
2550,14
2551,11
2552,8
2553,6
2554,3
2555,0
2556,-3
2557,-6
2558,-8
2559,-11
2560,-14
2561,-17
2562,-20
2563,-22
2564,-25
2565,-28
2566,-31
2567,-33
2568,-36
2569,-39
2570,-41
2571,-44
2572,-46
2573,-49
2574,-51
2575,-54
2576,-56
2577,-58
2578,-61
2579,-63
2580,-65
2581,-67
2582,-69
2583,-71
2584,-73
2585,-75
2586,-77
2587,-79
2588,-80
2589,-82
2590,-84
2591,-85
2592,-87
2593,-88
2594,-89
2595,-91
2596,-92
2597,-93
2598,-94
2599,-95
2600,-96
2601,-96
2602,-97
2603,-98
2604,-98
2605,-99
2606,-99
2607,-100
2608,-100
2609,-100
2610,-100
2611,-100
2612,-100
2613,-100
2614,-100
2615,-99
2616,-99
2617,-98
2618,-98
2619,-97
2620,-96
2621,-96
2622,-95
2623,-94
2624,-93
2625,-92
2626,-91
2627,-89
2628,-88
2629,-87
2630,-85
2631,-84
2632,-82
2633,-80
2634,-79
2635,-77
2636,-75
2637,-73
2638,-71
2639,-69
2640,-67
2641,-65
2642,-63
2643,-61
2644,-58
2645,-56
2646,-54
2647,-51
2648,-49
2649,-46
2650,-44
2651,-41
2652,-39
2653,-36
2654,-33
2655,-31
2656,-28
2657,-25
2658,-22
2659,-20
2660,-17
2661,-14
2662,-11
2663,-8
2664,-6
2665,-3
2666,0
2667,3
2668,6
2669,8
2670,11
2671,14
2672,17
2673,20
2674,22
2675,25
2676,28
2677,31
2678,33
2679,36
2680,39
2681,41
2682,44
2683,46
2684,49
2685,51
2686,54
2687,56
2688,58
2689,61
2690,63
2691,65
2692,67
2693,69
2694,71
2695,73
2696,75
2697,77
2698,79
2699,80
2700,82
2701,84
2702,85
2703,87
2704,88
2705,89
2706,91
2707,92
2708,93
2709,94
2710,95
2711,96
2712,96
2713,97
2714,98
2715,98
2716,99
2717,99
2718,100
2719,100
2720,100
2721,100
2722,100
2723,100
2724,100
2725,100
2726,99
2727,99
2728,98
2729,98
2730,97
2731,96
2732,96
2733,95
2734,94
2735,93
2736,92
2737,91
2738,89
2739,88
2740,87
2741,85
2742,84
2743,82
2744,80
2745,79
2746,77
2747,75
2748,73
2749,71
2750,69
2751,67
2752,65
2753,63
2754,61
2755,58
2756,56
2757,54
2758,51
2759,49
2760,46
2761,44
2762,41
2763,39
2764,36
2765,33
2766,31
2767,28
2768,25
2769,22
2770,20
2771,17
2772,14
2773,11
2774,8
2775,6
2776,3
2777,0
2778,-3
2779,-6
2780,-8
2781,-11
2782,-14
2783,-17
2784,-20
2785,-22
2786,-25
2787,-28
2788,-31
2789,-33
2790,-36
2791,-39
2792,-41
2793,-44
2794,-46
2795,-49
2796,-51
2797,-54
2798,-56
2799,-58
2800,-61
2801,-63
2802,-65
2803,-67
2804,-69
2805,-71
2806,-73
2807,-75
2808,-77
2809,-79
2810,-80
2811,-82
2812,-84
2813,-85
2814,-87
2815,-88
2816,-89
2817,-91
2818,-92
2819,-93
2820,-94
2821,-95
2822,-96
2823,-96
2824,-97
2825,-98
2826,-98
2827,-99
2828,-99
2829,-100
2830,-100
2831,-100
2832,-100
2833,-100
2834,-100
2835,-100
2836,-100
2837,-99
2838,-99
2839,-98
2840,-98
2841,-97
2842,-96
2843,-96
2844,-95
2845,-94
2846,-93
2847,-92
2848,-91
2849,-89
2850,-88
2851,-87
2852,-85
2853,-84
2854,-82
2855,-80
2856,-79
2857,-77
2858,-75
2859,-73
2860,-71
2861,-69
2862,-67
2863,-65
2864,-63
2865,-61
2866,-58
2867,-56
2868,-54
2869,-51
2870,-49
2871,-46
2872,-44
2873,-41
2874,-39
2875,-36
2876,-33
2877,-31
2878,-28
2879,-25
2880,-22
2881,-20
2882,-17
2883,-14
2884,-11
2885,-8
2886,-6
2887,-3
2888,0
2889,3
2890,6
2891,8
2892,11
2893,14
2894,17
2895,20
2896,22
2897,25
2898,28
2899,30
2900,33
2901,36
2902,38
2903,41
2904,44
2905,46
2906,49
2907,51
2908,53
2909,56
2910,58
2911,60
2912,63
2913,65
2914,67
2915,69
2916,71
2917,73
2918,75
2919,77
2920,78
2921,80
2922,82
2923,83
2924,85
2925,86
2926,88
2927,89
2928,90
2929,91
2930,93
2931,94
2932,95
2933,95
2934,96
2935,97
2936,98
2937,98
2938,99
2939,99
2940,99
2941,100
2942,100
2943,100
2944,100
2945,100
2946,100
2947,100
2948,99
2949,99
2950,98
2951,98
2952,97
2953,97
2954,96
2955,95
2956,94
2957,93
2958,92
2959,91
2960,90
2961,88
2962,87
2963,86
2964,84
2965,83
2966,81
2967,79
2968,78
2969,76
2970,74
2971,72
2972,70
2973,68
2974,66
2975,64
2976,61
2977,59
2978,57
2979,55
2980,52
2981,50
2982,47
2983,45
2984,42
2985,40
2986,37
2987,34
2988,32
2989,29
2990,26
2991,24
2992,21
2993,18
2994,15
2995,13
2996,10
2997,7
2998,4
2999,1
3000,-1
3001,-4
3002,-7
3003,-10
3004,-13
3005,-15
3006,-18
3007,-21
3008,-24
3009,-26
3010,-29
3011,-32
3012,-34
3013,-37
3014,-40
3015,-42
3016,-45
3017,-47
3018,-50
3019,-52
3020,-55
3021,-57
3022,-59
3023,-61
3024,-64
3025,-66
3026,-68
3027,-70
3028,-72
3029,-74
3030,-76
3031,-78
3032,-79
3033,-81
3034,-83
3035,-84
3036,-86
3037,-87
3038,-88
3039,-90
3040,-91
3041,-92
3042,-93
3043,-94
3044,-95
3045,-96
3046,-97
3047,-97
3048,-98
3049,-98
3050,-99
3051,-99
3052,-100
3053,-100
3054,-100
3055,-100
3056,-100
3057,-100
3058,-100
3059,-99
3060,-99
3061,-99
3062,-98
3063,-98
3064,-97
3065,-96
3066,-95
3067,-95
3068,-94
3069,-93
3070,-91
3071,-90
3072,-89
3073,-88
3074,-86
3075,-85
3076,-83
3077,-82
3078,-80
3079,-78
3080,-77
3081,-75
3082,-73
3083,-71
3084,-69
3085,-67
3086,-65
3087,-63
3088,-60
3089,-58
3090,-56
3091,-53
3092,-51
3093,-49
3094,-46
3095,-44
3096,-41
3097,-38
3098,-36
3099,-33
3100,-30
3101,-28
3102,-25
3103,-22
3104,-20
3105,-17
3106,-14
3107,-11
3108,-8
3109,-6
3110,-3
3111,0
3112,3
3113,6
3114,8
3115,11
3116,14
3117,17
3118,20
3119,22
3120,25
3121,28
3122,31
3123,33
3124,36
3125,39
3126,41
3127,44
3128,46
3129,49
3130,51
3131,54
3132,56
3133,58
3134,61
3135,63
3136,65
3137,67
3138,69
3139,71
3140,73
3141,75
3142,77
3143,79
3144,80
3145,82
3146,84
3147,85
3148,87
3149,88
3150,89
3151,91
3152,92
3153,93
3154,94
3155,95
3156,96
3157,96
3158,97
3159,98
3160,98
3161,99
3162,99
3163,100
3164,100
3165,100
3166,100
3167,100
3168,100
3169,100
3170,100
3171,99
3172,99
3173,98
3174,98
3175,97
3176,96
3177,96
3178,95
3179,94
3180,93
3181,92
3182,91
3183,89
3184,88
3185,87
3186,85
3187,84
3188,82
3189,80
3190,79
3191,77
3192,75
3193,73
3194,71
3195,69
3196,67
3197,65
3198,63
3199,61
3200,58
3201,56
3202,54
3203,51
3204,49
3205,46
3206,44
3207,41
3208,39
3209,36
3210,33
3211,31
3212,28
3213,25
3214,22
3215,20
3216,17
3217,14
3218,11
3219,8
3220,6
3221,3
3222,0
3223,-3
3224,-6
3225,-8
3226,-11
3227,-14
3228,-17
3229,-20
3230,-22
3231,-25
3232,-28
3233,-31
3234,-33
3235,-36
3236,-39
3237,-41
3238,-44
3239,-46
3240,-49
3241,-51
3242,-54
3243,-56
3244,-58
3245,-61
3246,-63
3247,-65
3248,-67
3249,-69
3250,-71
3251,-73
3252,-75
3253,-77
3254,-79
3255,-80
3256,-82
3257,-84
3258,-85
3259,-87
3260,-88
3261,-89
3262,-91
3263,-92
3264,-93
3265,-94
3266,-95
3267,-96
3268,-96
3269,-97
3270,-98
3271,-98
3272,-99
3273,-99
3274,-100
3275,-100
3276,-100
3277,-100
3278,-100
3279,-100
3280,-100
3281,-100
3282,-99
3283,-99
3284,-98
3285,-98
3286,-97
3287,-96
3288,-96
3289,-95
3290,-94
3291,-93
3292,-92
3293,-91
3294,-89
3295,-88
3296,-87
3297,-85
3298,-84
3299,-82
3300,-80
3301,-79
3302,-77
3303,-75
3304,-73
3305,-71
3306,-69
3307,-67
3308,-65
3309,-63
3310,-61
3311,-58
3312,-56
3313,-54
3314,-51
3315,-49
3316,-46
3317,-44
3318,-41
3319,-39
3320,-36
3321,-33
3322,-31
3323,-28
3324,-25
3325,-22
3326,-20
3327,-17
3328,-14
3329,-11
3330,-8
3331,-6
3332,-3
3333,0
3334,3
3335,6
3336,8
3337,11
3338,14
3339,17
3340,20
3341,22
3342,25
3343,28
3344,31
3345,33
3346,36
3347,39
3348,41
3349,44
3350,46
3351,49
3352,51
3353,54
3354,56
3355,58
3356,61
3357,63
3358,65
3359,67
3360,69
3361,71
3362,73
3363,75
3364,77
3365,79
3366,80
3367,82
3368,84
3369,85
3370,87
3371,88
3372,89
3373,91
3374,92
3375,93
3376,94
3377,95
3378,96
3379,96
3380,97
3381,98
3382,98
3383,99
3384,99
3385,100
3386,100
3387,100
3388,100
3389,100
3390,100
3391,100
3392,100
3393,99
3394,99
3395,98
3396,98
3397,97
3398,96
3399,96
3400,95
3401,94
3402,93
3403,92
3404,91
3405,89
3406,88
3407,87
3408,85
3409,84
3410,82
3411,80
3412,79
3413,77
3414,75
3415,73
3416,71
3417,69
3418,67
3419,65
3420,63
3421,61
3422,58
3423,56
3424,54
3425,51
3426,49
3427,46
3428,44
3429,41
3430,39
3431,36
3432,33
3433,31
3434,28
3435,25
3436,22
3437,20
3438,17
3439,14
3440,11
3441,8
3442,6
3443,3
3444,0
3445,-3
3446,-6
3447,-8
3448,-11
3449,-14
3450,-17
3451,-20
3452,-22
3453,-25
3454,-28
3455,-31
3456,-33
3457,-36
3458,-39
3459,-41
3460,-44
3461,-46
3462,-49
3463,-51
3464,-54
3465,-56
3466,-58
3467,-61
3468,-63
3469,-65
3470,-67
3471,-69
3472,-71
3473,-73
3474,-75
3475,-77
3476,-79
3477,-80
3478,-82
3479,-84
3480,-85
3481,-87
3482,-88
3483,-89
3484,-91
3485,-92
3486,-93
3487,-94
3488,-95
3489,-96
3490,-96
3491,-97
3492,-98
3493,-98
3494,-99
3495,-99
3496,-100
3497,-100
3498,-100
3499,-100
3500,-100
3501,-100
3502,-100
3503,-100
3504,-99
3505,-99
3506,-98
3507,-98
3508,-97
3509,-96
3510,-96
3511,-95
3512,-94
3513,-93
3514,-92
3515,-91
3516,-89
3517,-88
3518,-87
3519,-85
3520,-84
3521,-82
3522,-80
3523,-79
3524,-77
3525,-75
3526,-73
3527,-71
3528,-69
3529,-67
3530,-65
3531,-63
3532,-61
3533,-58
3534,-56
3535,-54
3536,-51
3537,-49
3538,-46
3539,-44
3540,-41
3541,-39
3542,-36
3543,-33
3544,-31
3545,-28
3546,-25
3547,-22
3548,-20
3549,-17
3550,-14
3551,-11
3552,-8
3553,-6
3554,-3
3555,0
3556,3
3557,6
3558,8
3559,11
3560,14
3561,17
3562,20
3563,22
3564,25
3565,28
3566,31
3567,33
3568,36
3569,39
3570,41
3571,44
3572,46
3573,49
3574,51
3575,54
3576,56
3577,58
3578,61
3579,63
3580,65
3581,67
3582,69
3583,71
3584,73
3585,75
3586,77
3587,79
3588,80
3589,82
3590,84
3591,85
3592,87
3593,88
3594,89
3595,91
3596,92
3597,93
3598,94
3599,95
3600,96
3601,96
3602,97
3603,98
3604,98
3605,99
3606,99
3607,100
3608,100
3609,100
3610,100
3611,100
3612,100
3613,100
3614,100
3615,99
3616,99
3617,98
3618,98
3619,97
3620,96
3621,96
3622,95
3623,94
3624,93
3625,92
3626,91
3627,89
3628,88
3629,87
3630,85
3631,84
3632,82
3633,80
3634,79
3635,77
3636,75
3637,73
3638,71
3639,69
3640,67
3641,65
3642,63
3643,61
3644,58
3645,56
3646,54
3647,51
3648,49
3649,46
3650,44
3651,41
3652,39
3653,36
3654,33
3655,31
3656,28
3657,25
3658,22
3659,20
3660,17
3661,14
3662,11
3663,8
3664,6
3665,3
3666,0
3667,-3
3668,-6
3669,-8
3670,-11
3671,-14
3672,-17
3673,-20
3674,-22
3675,-25
3676,-28
3677,-31
3678,-33
3679,-36
3680,-39
3681,-41
3682,-44
3683,-46
3684,-49
3685,-51
3686,-54
3687,-56
3688,-58
3689,-61
3690,-63
3691,-65
3692,-67
3693,-69
3694,-71
3695,-73
3696,-75
3697,-77
3698,-79
3699,-80
3700,-82
3701,-84
3702,-85
3703,-87
3704,-88
3705,-89
3706,-91
3707,-92
3708,-93
3709,-94
3710,-95
3711,-96
3712,-96
3713,-97
3714,-98
3715,-98
3716,-99
3717,-99
3718,-100
3719,-100
3720,-100
3721,-100
3722,-100
3723,-100
3724,-100
3725,-100
3726,-99
3727,-99
3728,-98
3729,-98
3730,-97
3731,-96
3732,-96
3733,-95
3734,-94
3735,-93
3736,-92
3737,-91
3738,-89
3739,-88
3740,-87
3741,-85
3742,-84
3743,-82
3744,-80
3745,-79
3746,-77
3747,-75
3748,-73
3749,-71
3750,-69
3751,-67
3752,-65
3753,-63
3754,-61
3755,-58
3756,-56
3757,-54
3758,-51
3759,-49
3760,-46
3761,-44
3762,-41
3763,-39
3764,-36
3765,-33
3766,-31
3767,-28
3768,-25
3769,-22
3770,-20
3771,-17
3772,-14
3773,-11
3774,-8
3775,-6
3776,-3
3777,0
3778,3
3779,6
3780,8
3781,11
3782,14
3783,17
3784,20
3785,22
3786,25
3787,28
3788,30
3789,33
3790,36
3791,38
3792,41
3793,44
3794,46
3795,49
3796,51
3797,53
3798,56
3799,58
3800,60
3801,63
3802,65
3803,67
3804,69
3805,71
3806,73
3807,75
3808,77
3809,78
3810,80
3811,82
3812,83
3813,85
3814,86
3815,88
3816,89
3817,90
3818,91
3819,93
3820,94
3821,95
3822,95
3823,96
3824,97
3825,98
3826,98
3827,99
3828,99
3829,99
3830,100
3831,100
3832,100
3833,100
3834,100
3835,100
3836,100
3837,99
3838,99
3839,98
3840,98
3841,97
3842,97
3843,96
3844,95
3845,94
3846,93
3847,92
3848,91
3849,90
3850,88
3851,87
3852,86
3853,84
3854,83
3855,81
3856,79
3857,78
3858,76
3859,74
3860,72
3861,70
3862,68
3863,66
3864,64
3865,61
3866,59
3867,57
3868,55
3869,52
3870,50
3871,47
3872,45
3873,42
3874,40
3875,37
3876,34
3877,32
3878,29
3879,26
3880,24
3881,21
3882,18
3883,15
3884,13
3885,10
3886,7
3887,4
3888,1
3889,-1
3890,-4
3891,-7
3892,-10
3893,-13
3894,-15
3895,-18
3896,-21
3897,-24
3898,-26
3899,-29
3900,-32
3901,-34
3902,-37
3903,-40
3904,-42
3905,-45
3906,-47
3907,-50
3908,-52
3909,-55
3910,-57
3911,-59
3912,-61
3913,-64
3914,-66
3915,-68
3916,-70
3917,-72
3918,-74
3919,-76
3920,-78
3921,-79
3922,-81
3923,-83
3924,-84
3925,-86
3926,-87
3927,-88
3928,-90
3929,-91
3930,-92
3931,-93
3932,-94
3933,-95
3934,-96
3935,-97
3936,-97
3937,-98
3938,-98
3939,-99
3940,-99
3941,-100
3942,-100
3943,-100
3944,-100
3945,-100
3946,-100
3947,-100
3948,-99
3949,-99
3950,-99
3951,-98
3952,-98
3953,-97
3954,-96
3955,-95
3956,-95
3957,-94
3958,-93
3959,-91
3960,-90
3961,-89
3962,-88
3963,-86
3964,-85
3965,-83
3966,-82
3967,-80
3968,-78
3969,-77
3970,-75
3971,-73
3972,-71
3973,-69
3974,-67
3975,-65
3976,-63
3977,-60
3978,-58
3979,-56
3980,-53
3981,-51
3982,-49
3983,-46
3984,-44
3985,-41
3986,-38
3987,-36
3988,-33
3989,-30
3990,-28
3991,-25
3992,-22
3993,-20
3994,-17
3995,-14
3996,-11
3997,-8
3998,-6
3999,-3
4000,0
4001,3
4002,6
4003,8
4004,11
4005,14
4006,17
4007,20
4008,22
4009,25
4010,28
4011,31
4012,33
4013,36
4014,39
4015,41
4016,44
4017,46
4018,49
4019,51
4020,54
4021,56
4022,58
4023,61
4024,63
4025,65
4026,67
4027,69
4028,71
4029,73
4030,75
4031,77
4032,79
4033,80
4034,82
4035,84
4036,85
4037,87
4038,88
4039,89
4040,91
4041,92
4042,93
4043,94
4044,95
4045,96
4046,96
4047,97
4048,98
4049,98
4050,99
4051,99
4052,100
4053,100
4054,100
4055,100
4056,100
4057,100
4058,100
4059,100
4060,99
4061,99
4062,98
4063,98
4064,97
4065,96
4066,96
4067,95
4068,94
4069,93
4070,92
4071,91
4072,89
4073,88
4074,87
4075,85
4076,84
4077,82
4078,80
4079,79
4080,77
4081,75
4082,73
4083,71
4084,69
4085,67
4086,65
4087,63
4088,61
4089,58
4090,56
4091,54
4092,51
4093,49
4094,46
4095,44
4096,41
4097,39
4098,36
4099,33
4100,31
4101,28
4102,25
4103,22
4104,20
4105,17
4106,14
4107,11
4108,8
4109,6
4110,3
4111,0
4112,-3
4113,-6
4114,-8
4115,-11
4116,-14
4117,-17
4118,-20
4119,-22
4120,-25
4121,-28
4122,-31
4123,-33
4124,-36
4125,-39
4126,-41
4127,-44
4128,-46
4129,-49
4130,-51
4131,-54
4132,-56
4133,-58
4134,-61
4135,-63
4136,-65
4137,-67
4138,-69
4139,-71
4140,-73
4141,-75
4142,-77
4143,-79
4144,-80
4145,-82
4146,-84
4147,-85
4148,-87
4149,-88
4150,-89
4151,-91
4152,-92
4153,-93
4154,-94
4155,-95
4156,-96
4157,-96
4158,-97
4159,-98
4160,-98
4161,-99
4162,-99
4163,-100
4164,-100
4165,-100
4166,-100
4167,-100
4168,-100
4169,-100
4170,-100
4171,-99
4172,-99
4173,-98
4174,-98
4175,-97
4176,-96
4177,-96
4178,-95
4179,-94
4180,-93
4181,-92
4182,-91
4183,-89
4184,-88
4185,-87
4186,-85
4187,-84
4188,-82
4189,-80
4190,-79
4191,-77
4192,-75
4193,-73
4194,-71
4195,-69
4196,-67
4197,-65
4198,-63
4199,-61
4200,-58
4201,-56
4202,-54
4203,-51
4204,-49
4205,-46
4206,-44
4207,-41
4208,-39
4209,-36
4210,-33
4211,-31
4212,-28
4213,-25
4214,-22
4215,-20
4216,-17
4217,-14
4218,-11
4219,-8
4220,-6
4221,-3
4222,0
4223,3
4224,6
4225,8
4226,11
4227,14
4228,17
4229,20
4230,22
4231,25
4232,28
4233,31
4234,33
4235,36
4236,39
4237,41
4238,44
4239,46
4240,49
4241,51
4242,54
4243,56
4244,58
4245,61
4246,63
4247,65
4248,67
4249,69
4250,71
4251,73
4252,75
4253,77
4254,79
4255,80
4256,82
4257,84
4258,85
4259,87
4260,88
4261,89
4262,91
4263,92
4264,93
4265,94
4266,95
4267,96
4268,96
4269,97
4270,98
4271,98
4272,99
4273,99
4274,100
4275,100
4276,100
4277,100
4278,100
4279,100
4280,100
4281,100
4282,99
4283,99
4284,98
4285,98
4286,97
4287,96
4288,96
4289,95
4290,94
4291,93
4292,92
4293,91
4294,89
4295,88
4296,87
4297,85
4298,84
4299,82
4300,80
4301,79
4302,77
4303,75
4304,73
4305,71
4306,69
4307,67
4308,65
4309,63
4310,61
4311,58
4312,56
4313,54
4314,51
4315,49
4316,46
4317,44
4318,41
4319,39
4320,36
4321,33
4322,31
4323,28
4324,25
4325,22
4326,20
4327,17
4328,14
4329,11
4330,8
4331,6
4332,3
4333,0
4334,-3
4335,-6
4336,-8
4337,-11
4338,-14
4339,-17
4340,-20
4341,-22
4342,-25
4343,-28
4344,-31
4345,-33
4346,-36
4347,-39
4348,-41
4349,-44
4350,-46
4351,-49
4352,-51
4353,-54
4354,-56
4355,-58
4356,-61
4357,-63
4358,-65
4359,-67
4360,-69
4361,-71
4362,-73
4363,-75
4364,-77
4365,-79
4366,-80
4367,-82
4368,-84
4369,-85
4370,-87
4371,-88
4372,-89
4373,-91
4374,-92
4375,-93
4376,-94
4377,-95
4378,-96
4379,-96
4380,-97
4381,-98
4382,-98
4383,-99
4384,-99
4385,-100
4386,-100
4387,-100
4388,-100
4389,-100
4390,-100
4391,-100
4392,-100
4393,-99
4394,-99
4395,-98
4396,-98
4397,-97
4398,-96
4399,-96
4400,-95
4401,-94
4402,-93
4403,-92
4404,-91
4405,-89
4406,-88
4407,-87
4408,-85
4409,-84
4410,-82
4411,-80
4412,-79
4413,-77
4414,-75
4415,-73
4416,-71
4417,-69
4418,-67
4419,-65
4420,-63
4421,-61
4422,-58
4423,-56
4424,-54
4425,-51
4426,-49
4427,-46
4428,-44
4429,-41
4430,-39
4431,-36
4432,-33
4433,-31
4434,-28
4435,-25
4436,-22
4437,-20
4438,-17
4439,-14
4440,-11
4441,-8
4442,-6
4443,-3
4444,0
4445,3
4446,6
4447,8
4448,11
4449,14
4450,17
4451,20
4452,22
4453,25
4454,28
4455,31
4456,33
4457,36
4458,39
4459,41
4460,44
4461,46
4462,49
4463,51
4464,54
4465,56
4466,58
4467,61
4468,63
4469,65
4470,67
4471,69
4472,71
4473,73
4474,75
4475,77
4476,79
4477,80
4478,82
4479,84
4480,85
4481,87
4482,88
4483,89
4484,91
4485,92
4486,93
4487,94
4488,95
4489,96
4490,96
4491,97
4492,98
4493,98
4494,99
4495,99
4496,100
4497,100
4498,100
4499,100
4500,100
4501,100
4502,100
4503,100
4504,99
4505,99
4506,98
4507,98
4508,97
4509,96
4510,96
4511,95
4512,94
4513,93
4514,92
4515,91
4516,89
4517,88
4518,87
4519,85
4520,84
4521,82
4522,80
4523,79
4524,77
4525,75
4526,73
4527,71
4528,69
4529,67
4530,65
4531,63
4532,61
4533,58
4534,56
4535,54
4536,51
4537,49
4538,46
4539,44
4540,41
4541,39
4542,36
4543,33
4544,31
4545,28
4546,25
4547,22
4548,20
4549,17
4550,14
4551,11
4552,8
4553,6
4554,3
4555,0
4556,-3
4557,-6
4558,-8
4559,-11
4560,-14
4561,-17
4562,-20
4563,-22
4564,-25
4565,-28
4566,-31
4567,-33
4568,-36
4569,-39
4570,-41
4571,-44
4572,-46
4573,-49
4574,-51
4575,-54
4576,-56
4577,-58
4578,-61
4579,-63
4580,-65
4581,-67
4582,-69
4583,-71
4584,-73
4585,-75
4586,-77
4587,-79
4588,-80
4589,-82
4590,-84
4591,-85
4592,-87
4593,-88
4594,-89
4595,-91
4596,-92
4597,-93
4598,-94
4599,-95
4600,-96
4601,-96
4602,-97
4603,-98
4604,-98
4605,-99
4606,-99
4607,-100
4608,-100
4609,-100
4610,-100
4611,-100
4612,-100
4613,-100
4614,-100
4615,-99
4616,-99
4617,-98
4618,-98
4619,-97
4620,-96
4621,-96
4622,-95
4623,-94
4624,-93
4625,-92
4626,-91
4627,-89
4628,-88
4629,-87
4630,-85
4631,-84
4632,-82
4633,-80
4634,-79
4635,-77
4636,-75
4637,-73
4638,-71
4639,-69
4640,-67
4641,-65
4642,-63
4643,-61
4644,-58
4645,-56
4646,-54
4647,-51
4648,-49
4649,-46
4650,-44
4651,-41
4652,-39
4653,-36
4654,-33
4655,-31
4656,-28
4657,-25
4658,-22
4659,-20
4660,-17
4661,-14
4662,-11
4663,-8
4664,-6
4665,-3
4666,0
4667,3
4668,6
4669,8
4670,11
4671,14
4672,17
4673,20
4674,22
4675,25
4676,28
4677,31
4678,33
4679,36
4680,39
4681,41
4682,44
4683,46
4684,49
4685,51
4686,54
4687,56
4688,58
4689,61
4690,63
4691,65
4692,67
4693,69
4694,71
4695,73
4696,75
4697,77
4698,79
4699,80
4700,82
4701,84
4702,85
4703,87
4704,88
4705,89
4706,91
4707,92
4708,93
4709,94
4710,95
4711,96
4712,96
4713,97
4714,98
4715,98
4716,99
4717,99
4718,100
4719,100
4720,100
4721,100
4722,100
4723,100
4724,100
4725,100
4726,99
4727,99
4728,98
4729,98
4730,97
4731,96
4732,96
4733,95
4734,94
4735,93
4736,92
4737,91
4738,89
4739,88
4740,87
4741,85
4742,84
4743,82
4744,80
4745,79
4746,77
4747,75
4748,73
4749,71
4750,69
4751,67
4752,65
4753,63
4754,61
4755,58
4756,56
4757,54
4758,51
4759,49
4760,46
4761,44
4762,41
4763,39
4764,36
4765,33
4766,31
4767,28
4768,25
4769,22
4770,20
4771,17
4772,14
4773,11
4774,8
4775,6
4776,3
4777,0
4778,-3
4779,-6
4780,-8
4781,-11
4782,-14
4783,-17
4784,-20
4785,-22
4786,-25
4787,-28
4788,-31
4789,-33
4790,-36
4791,-39
4792,-41
4793,-44
4794,-46
4795,-49
4796,-51
4797,-54
4798,-56
4799,-58
4800,-61
4801,-63
4802,-65
4803,-67
4804,-69
4805,-71
4806,-73
4807,-75
4808,-77
4809,-79
4810,-80
4811,-82
4812,-84
4813,-85
4814,-87
4815,-88
4816,-89
4817,-91
4818,-92
4819,-93
4820,-94
4821,-95
4822,-96
4823,-96
4824,-97
4825,-98
4826,-98
4827,-99
4828,-99
4829,-100
4830,-100
4831,-100
4832,-100
4833,-100
4834,-100
4835,-100
4836,-100
4837,-99
4838,-99
4839,-98
4840,-98
4841,-97
4842,-96
4843,-96
4844,-95
4845,-94
4846,-93
4847,-92
4848,-91
4849,-89
4850,-88
4851,-87
4852,-85
4853,-84
4854,-82
4855,-80
4856,-79
4857,-77
4858,-75
4859,-73
4860,-71
4861,-69
4862,-67
4863,-65
4864,-63
4865,-61
4866,-58
4867,-56
4868,-54
4869,-51
4870,-49
4871,-46
4872,-44
4873,-41
4874,-39
4875,-36
4876,-33
4877,-31
4878,-28
4879,-25
4880,-22
4881,-20
4882,-17
4883,-14
4884,-11
4885,-8
4886,-6
4887,-3
4888,0
4889,3
4890,6
4891,8
4892,11
4893,14
4894,17
4895,20
4896,22
4897,25
4898,28
4899,30
4900,33
4901,36
4902,38
4903,41
4904,44
4905,46
4906,49
4907,51
4908,53
4909,56
4910,58
4911,60
4912,63
4913,65
4914,67
4915,69
4916,71
4917,73
4918,75
4919,77
4920,78
4921,80
4922,82
4923,83
4924,85
4925,86
4926,88
4927,89
4928,90
4929,91
4930,93
4931,94
4932,95
4933,95
4934,96
4935,97
4936,98
4937,98
4938,99
4939,99
4940,99
4941,100
4942,100
4943,100
4944,100
4945,100
4946,100
4947,100
4948,99
4949,99
4950,98
4951,98
4952,97
4953,97
4954,96
4955,95
4956,94
4957,93
4958,92
4959,91
4960,90
4961,88
4962,87
4963,86
4964,84
4965,83
4966,81
4967,79
4968,78
4969,76
4970,74
4971,72
4972,70
4973,68
4974,66
4975,64
4976,61
4977,59
4978,57
4979,55
4980,52
4981,50
4982,47
4983,45
4984,42
4985,40
4986,37
4987,34
4988,32
4989,29
4990,26
4991,24
4992,21
4993,18
4994,15
4995,13
4996,10
4997,7
4998,4
4999,1
5000,-1
5001,-4
5002,-7
5003,-10
5004,-13
5005,-15
5006,-18
5007,-21
5008,-24
5009,-26
5010,-29
5011,-32
5012,-34
5013,-37
5014,-40
5015,-42
5016,-45
5017,-47
5018,-50
5019,-52
5020,-55
5021,-57
5022,-59
5023,-61
5024,-64
5025,-66
5026,-68
5027,-70
5028,-72
5029,-74
5030,-76
5031,-78
5032,-79
5033,-81
5034,-83
5035,-84
5036,-86
5037,-87
5038,-88
5039,-90
5040,-91
5041,-92
5042,-93
5043,-94
5044,-95
5045,-96
5046,-97
5047,-97
5048,-98
5049,-98
5050,-99
5051,-99
5052,-100
5053,-100
5054,-100
5055,-100
5056,-100
5057,-100
5058,-100
5059,-99
5060,-99
5061,-99
5062,-98
5063,-98
5064,-97
5065,-96
5066,-95
5067,-95
5068,-94
5069,-93
5070,-91
5071,-90
5072,-89
5073,-88
5074,-86
5075,-85
5076,-83
5077,-82
5078,-80
5079,-78
5080,-77
5081,-75
5082,-73
5083,-71
5084,-69
5085,-67
5086,-65
5087,-63
5088,-60
5089,-58
5090,-56
5091,-53
5092,-51
5093,-49
5094,-46
5095,-44
5096,-41
5097,-38
5098,-36
5099,-33
5100,-30
5101,-28
5102,-25
5103,-22
5104,-20
5105,-17
5106,-14
5107,-11
5108,-8
5109,-6
5110,-3
5111,0
5112,3
5113,6
5114,8
5115,11
5116,14
5117,17
5118,20
5119,22
5120,25
5121,28
5122,31
5123,33
5124,36
5125,39
5126,41
5127,44
5128,46
5129,49
5130,51
5131,54
5132,56
5133,58
5134,61
5135,63
5136,65
5137,67
5138,69
5139,71
5140,73
5141,75
5142,77
5143,79
5144,80
5145,82
5146,84
5147,85
5148,87
5149,88
5150,89
5151,91
5152,92
5153,93
5154,94
5155,95
5156,96
5157,96
5158,97
5159,98
5160,98
5161,99
5162,99
5163,100
5164,100
5165,100
5166,100
5167,100
5168,100
5169,100
5170,100
5171,99
5172,99
5173,98
5174,98
5175,97
5176,96
5177,96
5178,95
5179,94
5180,93
5181,92
5182,91
5183,89
5184,88
5185,87
5186,85
5187,84
5188,82
5189,80
5190,79
5191,77
5192,75
5193,73
5194,71
5195,69
5196,67
5197,65
5198,63
5199,61
5200,58
5201,56
5202,54
5203,51
5204,49
5205,46
5206,44
5207,41
5208,39
5209,36
5210,33
5211,31
5212,28
5213,25
5214,22
5215,20
5216,17
5217,14
5218,11
5219,8
5220,6
5221,3
5222,0
5223,-3
5224,-6
5225,-8
5226,-11
5227,-14
5228,-17
5229,-20
5230,-22
5231,-25
5232,-28
5233,-31
5234,-33
5235,-36
5236,-39
5237,-41
5238,-44
5239,-46
5240,-49
5241,-51
5242,-54
5243,-56
5244,-58
5245,-61
5246,-63
5247,-65
5248,-67
5249,-69
5250,-71
5251,-73
5252,-75
5253,-77
5254,-79
5255,-80
5256,-82
5257,-84
5258,-85
5259,-87
5260,-88
5261,-89
5262,-91
5263,-92
5264,-93
5265,-94
5266,-95
5267,-96
5268,-96
5269,-97
5270,-98
5271,-98
5272,-99
5273,-99
5274,-100
5275,-100
5276,-100
5277,-100
5278,-100
5279,-100
5280,-100
5281,-100
5282,-99
5283,-99
5284,-98
5285,-98
5286,-97
5287,-96
5288,-96
5289,-95
5290,-94
5291,-93
5292,-92
5293,-91
5294,-89
5295,-88
5296,-87
5297,-85
5298,-84
5299,-82
5300,-80
5301,-79
5302,-77
5303,-75
5304,-73
5305,-71
5306,-69
5307,-67
5308,-65
5309,-63
5310,-61
5311,-58
5312,-56
5313,-54
5314,-51
5315,-49
5316,-46
5317,-44
5318,-41
5319,-39
5320,-36
5321,-33
5322,-31
5323,-28
5324,-25
5325,-22
5326,-20
5327,-17
5328,-14
5329,-11
5330,-8
5331,-6
5332,-3
5333,0
5334,3
5335,6
5336,8
5337,11
5338,14
5339,17
5340,20
5341,22
5342,25
5343,28
5344,31
5345,33
5346,36
5347,39
5348,41
5349,44
5350,46
5351,49
5352,51
5353,54
5354,56
5355,58
5356,61
5357,63
5358,65
5359,67
5360,69
5361,71
5362,73
5363,75
5364,77
5365,79
5366,80
5367,82
5368,84
5369,85
5370,87
5371,88
5372,89
5373,91
5374,92
5375,93
5376,94
5377,95
5378,96
5379,96
5380,97
5381,98
5382,98
5383,99
5384,99
5385,100
5386,100
5387,100
5388,100
5389,100
5390,100
5391,100
5392,100
5393,99
5394,99
5395,98
5396,98
5397,97
5398,96
5399,96
5400,95
5401,94
5402,93
5403,92
5404,91
5405,89
5406,88
5407,87
5408,85
5409,84
5410,82
5411,80
5412,79
5413,77
5414,75
5415,73
5416,71
5417,69
5418,67
5419,65
5420,63
5421,61
5422,58
5423,56
5424,54
5425,51
5426,49
5427,46
5428,44
5429,41
5430,39
5431,36
5432,33
5433,31
5434,28
5435,25
5436,22
5437,20
5438,17
5439,14
5440,11
5441,8
5442,6
5443,3
5444,0
5445,-3
5446,-6
5447,-8
5448,-11
5449,-14
5450,-17
5451,-20
5452,-22
5453,-25
5454,-28
5455,-31
5456,-33
5457,-36
5458,-39
5459,-41
5460,-44
5461,-46
5462,-49
5463,-51
5464,-54
5465,-56
5466,-58
5467,-61
5468,-63
5469,-65
5470,-67
5471,-69
5472,-71
5473,-73
5474,-75
5475,-77
5476,-79
5477,-80
5478,-82
5479,-84
5480,-85
5481,-87
5482,-88
5483,-89
5484,-91
5485,-92
5486,-93
5487,-94
5488,-95
5489,-96
5490,-96
5491,-97
5492,-98
5493,-98
5494,-99
5495,-99
5496,-100
5497,-100
5498,-100
5499,-100
5500,-100
5501,-100
5502,-100
5503,-100
5504,-99
5505,-99
5506,-98
5507,-98
5508,-97
5509,-96
5510,-96
5511,-95
5512,-94
5513,-93
5514,-92
5515,-91
5516,-89
5517,-88
5518,-87
5519,-85
5520,-84
5521,-82
5522,-80
5523,-79
5524,-77
5525,-75
5526,-73
5527,-71
5528,-69
5529,-67
5530,-65
5531,-63
5532,-61
5533,-58
5534,-56
5535,-54
5536,-51
5537,-49
5538,-46
5539,-44
5540,-41
5541,-39
5542,-36
5543,-33
5544,-31
5545,-28
5546,-25
5547,-22
5548,-20
5549,-17
5550,-14
5551,-11
5552,-8
5553,-6
5554,-3
5555,0
5556,3
5557,6
5558,8
5559,11
5560,14
5561,17
5562,20
5563,22
5564,25
5565,28
5566,31
5567,33
5568,36
5569,39
5570,41
5571,44
5572,46
5573,49
5574,51
5575,54
5576,56
5577,58
5578,61
5579,63
5580,65
5581,67
5582,69
5583,71
5584,73
5585,75
5586,77
5587,79
5588,80
5589,82
5590,84
5591,85
5592,87
5593,88
5594,89
5595,91
5596,92
5597,93
5598,94
5599,95
5600,96
5601,96
5602,97
5603,98
5604,98
5605,99
5606,99
5607,100
5608,100
5609,100
5610,100
5611,100
5612,100
5613,100
5614,100
5615,99
5616,99
5617,98
5618,98
5619,97
5620,96
5621,96
5622,95
5623,94
5624,93
5625,92
5626,91
5627,89
5628,88
5629,87
5630,85
5631,84
5632,82
5633,80
5634,79
5635,77
5636,75
5637,73
5638,71
5639,69
5640,67
5641,65
5642,63
5643,61
5644,58
5645,56
5646,54
5647,51
5648,49
5649,46
5650,44
5651,41
5652,39
5653,36
5654,33
5655,31
5656,28
5657,25
5658,22
5659,20
5660,17
5661,14
5662,11
5663,8
5664,6
5665,3
5666,0
5667,-3
5668,-6
5669,-8
5670,-11
5671,-14
5672,-17
5673,-20
5674,-22
5675,-25
5676,-28
5677,-31
5678,-33
5679,-36
5680,-39
5681,-41
5682,-44
5683,-46
5684,-49
5685,-51
5686,-54
5687,-56
5688,-58
5689,-61
5690,-63
5691,-65
5692,-67
5693,-69
5694,-71
5695,-73
5696,-75
5697,-77
5698,-79
5699,-80
5700,-82
5701,-84
5702,-85
5703,-87
5704,-88
5705,-89
5706,-91
5707,-92
5708,-93
5709,-94
5710,-95
5711,-96
5712,-96
5713,-97
5714,-98
5715,-98
5716,-99
5717,-99
5718,-100
5719,-100
5720,-100
5721,-100
5722,-100
5723,-100
5724,-100
5725,-100
5726,-99
5727,-99
5728,-98
5729,-98
5730,-97
5731,-96
5732,-96
5733,-95
5734,-94
5735,-93
5736,-92
5737,-91
5738,-89
5739,-88
5740,-87
5741,-85
5742,-84
5743,-82
5744,-80
5745,-79
5746,-77
5747,-75
5748,-73
5749,-71
5750,-69
5751,-67
5752,-65
5753,-63
5754,-61
5755,-58
5756,-56
5757,-54
5758,-51
5759,-49
5760,-46
5761,-44
5762,-41
5763,-39
5764,-36
5765,-33
5766,-31
5767,-28
5768,-25
5769,-22
5770,-20
5771,-17
5772,-14
5773,-11
5774,-8
5775,-6
5776,-3
5777,0
5778,3
5779,6
5780,8
5781,11
5782,14
5783,17
5784,20
5785,22
5786,25
5787,28
5788,30
5789,33
5790,36
5791,38
5792,41
5793,44
5794,46
5795,49
5796,51
5797,53
5798,56
5799,58
5800,60
5801,63
5802,65
5803,67
5804,69
5805,71
5806,73
5807,75
5808,77
5809,78
5810,80
5811,82
5812,83
5813,85
5814,86
5815,88
5816,89
5817,90
5818,91
5819,93
5820,94
5821,95
5822,95
5823,96
5824,97
5825,98
5826,98
5827,99
5828,99
5829,99
5830,100
5831,100
5832,100
5833,100
5834,100
5835,100
5836,100
5837,99
5838,99
5839,98
5840,98
5841,97
5842,97
5843,96
5844,95
5845,94
5846,93
5847,92
5848,91
5849,90
5850,88
5851,87
5852,86
5853,84
5854,83
5855,81
5856,79
5857,78
5858,76
5859,74
5860,72
5861,70
5862,68
5863,66
5864,64
5865,61
5866,59
5867,57
5868,55
5869,52
5870,50
5871,47
5872,45
5873,42
5874,40
5875,37
5876,34
5877,32
5878,29
5879,26
5880,24
5881,21
5882,18
5883,15
5884,13
5885,10
5886,7
5887,4
5888,1
5889,-1
5890,-4
5891,-7
5892,-10
5893,-13
5894,-15
5895,-18
5896,-21
5897,-24
5898,-26
5899,-29
5900,-32
5901,-34
5902,-37
5903,-40
5904,-42
5905,-45
5906,-47
5907,-50
5908,-52
5909,-55
5910,-57
5911,-59
5912,-61
5913,-64
5914,-66
5915,-68
5916,-70
5917,-72
5918,-74
5919,-76
5920,-78
5921,-79
5922,-81
5923,-83
5924,-84
5925,-86
5926,-87
5927,-88
5928,-90
5929,-91
5930,-92
5931,-93
5932,-94
5933,-95
5934,-96
5935,-97
5936,-97
5937,-98
5938,-98
5939,-99
5940,-99
5941,-100
5942,-100
5943,-100
5944,-100
5945,-100
5946,-100
5947,-100
5948,-99
5949,-99
5950,-99
5951,-98
5952,-98
5953,-97
5954,-96
5955,-95
5956,-95
5957,-94
5958,-93
5959,-91
5960,-90
5961,-89
5962,-88
5963,-86
5964,-85
5965,-83
5966,-82
5967,-80
5968,-78
5969,-77
5970,-75
5971,-73
5972,-71
5973,-69
5974,-67
5975,-65
5976,-63
5977,-60
5978,-58
5979,-56
5980,-53
5981,-51
5982,-49
5983,-46
5984,-44
5985,-41
5986,-38
5987,-36
5988,-33
5989,-30
5990,-28
5991,-25
5992,-22
5993,-20
5994,-17
5995,-14
5996,-11
5997,-8
5998,-6
5999,-3
6000,0
6001,3
6002,6
6003,8
6004,11
6005,14
6006,17
6007,20
6008,22
6009,25
6010,28
6011,31
6012,33
6013,36
6014,39
6015,41
6016,44
6017,46
6018,49
6019,51
6020,54
6021,56
6022,58
6023,61
6024,63
6025,65
6026,67
6027,69
6028,71
6029,73
6030,75
6031,77
6032,79
6033,80
6034,82
6035,84
6036,85
6037,87
6038,88
6039,89
6040,91
6041,92
6042,93
6043,94
6044,95
6045,96
6046,96
6047,97
6048,98
6049,98
6050,99
6051,99
6052,100
6053,100
6054,100
6055,100
6056,100
6057,100
6058,100
6059,100
6060,99
6061,99
6062,98
6063,98
6064,97
6065,96
6066,96
6067,95
6068,94
6069,93
6070,92
6071,91
6072,89
6073,88
6074,87
6075,85
6076,84
6077,82
6078,80
6079,79
6080,77
6081,75
6082,73
6083,71
6084,69
6085,67
6086,65
6087,63
6088,61
6089,58
6090,56
6091,54
6092,51
6093,49
6094,46
6095,44
6096,41
6097,39
6098,36
6099,33
6100,31
6101,28
6102,25
6103,22
6104,20
6105,17
6106,14
6107,11
6108,8
6109,6
6110,3
6111,0
6112,-3
6113,-6
6114,-8
6115,-11
6116,-14
6117,-17
6118,-20
6119,-22
6120,-25
6121,-28
6122,-31
6123,-33
6124,-36
6125,-39
6126,-41
6127,-44
6128,-46
6129,-49
6130,-51
6131,-54
6132,-56
6133,-58
6134,-61
6135,-63
6136,-65
6137,-67
6138,-69
6139,-71
6140,-73
6141,-75
6142,-77
6143,-79
6144,-80
6145,-82
6146,-84
6147,-85
6148,-87
6149,-88
6150,-89
6151,-91
6152,-92
6153,-93
6154,-94
6155,-95
6156,-96
6157,-96
6158,-97
6159,-98
6160,-98
6161,-99
6162,-99
6163,-100
6164,-100
6165,-100
6166,-100
6167,-100
6168,-100
6169,-100
6170,-100
6171,-99
6172,-99
6173,-98
6174,-98
6175,-97
6176,-96
6177,-96
6178,-95
6179,-94
6180,-93
6181,-92
6182,-91
6183,-89
6184,-88
6185,-87
6186,-85
6187,-84
6188,-82
6189,-80
6190,-79
6191,-77
6192,-75
6193,-73
6194,-71
6195,-69
6196,-67
6197,-65
6198,-63
6199,-61
6200,-58
6201,-56
6202,-54
6203,-51
6204,-49
6205,-46
6206,-44
6207,-41
6208,-39
6209,-36
6210,-33
6211,-31
6212,-28
6213,-25
6214,-22
6215,-20
6216,-17
6217,-14
6218,-11
6219,-8
6220,-6
6221,-3
6222,0
6223,3
6224,6
6225,8
6226,11
6227,14
6228,17
6229,20
6230,22
6231,25
6232,28
6233,31
6234,33
6235,36
6236,39
6237,41
6238,44
6239,46
6240,49
6241,51
6242,54
6243,56
6244,58
6245,61
6246,63
6247,65
6248,67
6249,69
6250,71
6251,73
6252,75
6253,77
6254,79
6255,80
6256,82
6257,84
6258,85
6259,87
6260,88
6261,89
6262,91
6263,92
6264,93
6265,94
6266,95
6267,96
6268,96
6269,97
6270,98
6271,98
6272,99
6273,99
6274,100
6275,100
6276,100
6277,100
6278,100
6279,100
6280,100
6281,100
6282,99
6283,99
6284,98
6285,98
6286,97
6287,96
6288,96
6289,95
6290,94
6291,93
6292,92
6293,91
6294,89
6295,88
6296,87
6297,85
6298,84
6299,82
6300,80
6301,79
6302,77
6303,75
6304,73
6305,71
6306,69
6307,67
6308,65
6309,63
6310,61
6311,58
6312,56
6313,54
6314,51
6315,49
6316,46
6317,44
6318,41
6319,39
6320,36
6321,33
6322,31
6323,28
6324,25
6325,22
6326,20
6327,17
6328,14
6329,11
6330,8
6331,6
6332,3
6333,0
6334,-3
6335,-6
6336,-8
6337,-11
6338,-14
6339,-17
6340,-20
6341,-22
6342,-25
6343,-28
6344,-31
6345,-33
6346,-36
6347,-39
6348,-41
6349,-44
6350,-46
6351,-49
6352,-51
6353,-54
6354,-56
6355,-58
6356,-61
6357,-63
6358,-65
6359,-67
6360,-69
6361,-71
6362,-73
6363,-75
6364,-77
6365,-79
6366,-80
6367,-82
6368,-84
6369,-85
6370,-87
6371,-88
6372,-89
6373,-91
6374,-92
6375,-93
6376,-94
6377,-95
6378,-96
6379,-96
6380,-97
6381,-98
6382,-98
6383,-99
6384,-99
6385,-100
6386,-100
6387,-100
6388,-100
6389,-100
6390,-100
6391,-100
6392,-100
6393,-99
6394,-99
6395,-98
6396,-98
6397,-97
6398,-96
6399,-96
6400,-95
6401,-94
6402,-93
6403,-92
6404,-91
6405,-89
6406,-88
6407,-87
6408,-85
6409,-84
6410,-82
6411,-80
6412,-79
6413,-77
6414,-75
6415,-73
6416,-71
6417,-69
6418,-67
6419,-65
6420,-63
6421,-61
6422,-58
6423,-56
6424,-54
6425,-51
6426,-49
6427,-46
6428,-44
6429,-41
6430,-39
6431,-36
6432,-33
6433,-31
6434,-28
6435,-25
6436,-22
6437,-20
6438,-17
6439,-14
6440,-11
6441,-8
6442,-6
6443,-3
6444,0
6445,3
6446,6
6447,8
6448,11
6449,14
6450,17
6451,20
6452,22
6453,25
6454,28
6455,31
6456,33
6457,36
6458,39
6459,41
6460,44
6461,46
6462,49
6463,51
6464,54
6465,56
6466,58
6467,61
6468,63
6469,65
6470,67
6471,69
6472,71
6473,73
6474,75
6475,77
6476,79
6477,80
6478,82
6479,84
6480,85
6481,87
6482,88
6483,89
6484,91
6485,92
6486,93
6487,94
6488,95
6489,96
6490,96
6491,97
6492,98
6493,98
6494,99
6495,99
6496,100
6497,100
6498,100
6499,100
6500,100
6501,100
6502,100
6503,100
6504,99
6505,99
6506,98
6507,98
6508,97
6509,96
6510,96
6511,95
6512,94
6513,93
6514,92
6515,91
6516,89
6517,88
6518,87
6519,85
6520,84
6521,82
6522,80
6523,79
6524,77
6525,75
6526,73
6527,71
6528,69
6529,67
6530,65
6531,63
6532,61
6533,58
6534,56
6535,54
6536,51
6537,49
6538,46
6539,44
6540,41
6541,39
6542,36
6543,33
6544,31
6545,28
6546,25
6547,22
6548,20
6549,17
6550,14
6551,11
6552,8
6553,6
6554,3
6555,0
6556,-3
6557,-6
6558,-8
6559,-11
6560,-14
6561,-17
6562,-20
6563,-22
6564,-25
6565,-28
6566,-31
6567,-33
6568,-36
6569,-39
6570,-41
6571,-44
6572,-46
6573,-49
6574,-51
6575,-54
6576,-56
6577,-58
6578,-61
6579,-63
6580,-65
6581,-67
6582,-69
6583,-71
6584,-73
6585,-75
6586,-77
6587,-79
6588,-80
6589,-82
6590,-84
6591,-85
6592,-87
6593,-88
6594,-89
6595,-91
6596,-92
6597,-93
6598,-94
6599,-95
6600,-96
6601,-96
6602,-97
6603,-98
6604,-98
6605,-99
6606,-99
6607,-100
6608,-100
6609,-100
6610,-100
6611,-100
6612,-100
6613,-100
6614,-100
6615,-99
6616,-99
6617,-98
6618,-98
6619,-97
6620,-96
6621,-96
6622,-95
6623,-94
6624,-93
6625,-92
6626,-91
6627,-89
6628,-88
6629,-87
6630,-85
6631,-84
6632,-82
6633,-80
6634,-79
6635,-77
6636,-75
6637,-73
6638,-71
6639,-69
6640,-67
6641,-65
6642,-63
6643,-61
6644,-58
6645,-56
6646,-54
6647,-51
6648,-49
6649,-46
6650,-44
6651,-41
6652,-39
6653,-36
6654,-33
6655,-31
6656,-28
6657,-25
6658,-22
6659,-20
6660,-17
6661,-14
6662,-11
6663,-8
6664,-6
6665,-3
6666,0
6667,3
6668,6
6669,8
6670,11
6671,14
6672,17
6673,20
6674,22
6675,25
6676,28
6677,31
6678,33
6679,36
6680,39
6681,41
6682,44
6683,46
6684,49
6685,51
6686,54
6687,56
6688,58
6689,61
6690,63
6691,65
6692,67
6693,69
6694,71
6695,73
6696,75
6697,77
6698,79
6699,80
6700,82
6701,84
6702,85
6703,87
6704,88
6705,89
6706,91
6707,92
6708,93
6709,94
6710,95
6711,96
6712,96
6713,97
6714,98
6715,98
6716,99
6717,99
6718,100
6719,100
6720,100
6721,100
6722,100
6723,100
6724,100
6725,100
6726,99
6727,99
6728,98
6729,98
6730,97
6731,96
6732,96
6733,95
6734,94
6735,93
6736,92
6737,91
6738,89
6739,88
6740,87
6741,85
6742,84
6743,82
6744,80
6745,79
6746,77
6747,75
6748,73
6749,71
6750,69
6751,67
6752,65
6753,63
6754,61
6755,58
6756,56
6757,54
6758,51
6759,49
6760,46
6761,44
6762,41
6763,39
6764,36
6765,33
6766,31
6767,28
6768,25
6769,22
6770,20
6771,17
6772,14
6773,11
6774,8
6775,6
6776,3
6777,0
6778,-3
6779,-6
6780,-8
6781,-11
6782,-14
6783,-17
6784,-20
6785,-22
6786,-25
6787,-28
6788,-31
6789,-33
6790,-36
6791,-39
6792,-41
6793,-44
6794,-46
6795,-49
6796,-51
6797,-54
6798,-56
6799,-58
6800,-61
6801,-63
6802,-65
6803,-67
6804,-69
6805,-71
6806,-73
6807,-75
6808,-77
6809,-79
6810,-80
6811,-82
6812,-84
6813,-85
6814,-87
6815,-88
6816,-89
6817,-91
6818,-92
6819,-93
6820,-94
6821,-95
6822,-96
6823,-96
6824,-97
6825,-98
6826,-98
6827,-99
6828,-99
6829,-100
6830,-100
6831,-100
6832,-100
6833,-100
6834,-100
6835,-100
6836,-100
6837,-99
6838,-99
6839,-98
6840,-98
6841,-97
6842,-96
6843,-96
6844,-95
6845,-94
6846,-93
6847,-92
6848,-91
6849,-89
6850,-88
6851,-87
6852,-85
6853,-84
6854,-82
6855,-80
6856,-79
6857,-77
6858,-75
6859,-73
6860,-71
6861,-69
6862,-67
6863,-65
6864,-63
6865,-61
6866,-58
6867,-56
6868,-54
6869,-51
6870,-49
6871,-46
6872,-44
6873,-41
6874,-39
6875,-36
6876,-33
6877,-31
6878,-28
6879,-25
6880,-22
6881,-20
6882,-17
6883,-14
6884,-11
6885,-8
6886,-6
6887,-3
6888,0
6889,3
6890,6
6891,8
6892,11
6893,14
6894,17
6895,20
6896,22
6897,25
6898,28
6899,30
6900,33
6901,36
6902,38
6903,41
6904,44
6905,46
6906,49
6907,51
6908,53
6909,56
6910,58
6911,60
6912,63
6913,65
6914,67
6915,69
6916,71
6917,73
6918,75
6919,77
6920,78
6921,80
6922,82
6923,83
6924,85
6925,86
6926,88
6927,89
6928,90
6929,91
6930,93
6931,94
6932,95
6933,95
6934,96
6935,97
6936,98
6937,98
6938,99
6939,99
6940,99
6941,100
6942,100
6943,100
6944,100
6945,100
6946,100
6947,100
6948,99
6949,99
6950,98
6951,98
6952,97
6953,97
6954,96
6955,95
6956,94
6957,93
6958,92
6959,91
6960,90
6961,88
6962,87
6963,86
6964,84
6965,83
6966,81
6967,79
6968,78
6969,76
6970,74
6971,72
6972,70
6973,68
6974,66
6975,64
6976,61
6977,59
6978,57
6979,55
6980,52
6981,50
6982,47
6983,45
6984,42
6985,40
6986,37
6987,34
6988,32
6989,29
6990,26
6991,24
6992,21
6993,18
6994,15
6995,13
6996,10
6997,7
6998,4
6999,1
7000,-1
7001,-4
7002,-7
7003,-10
7004,-13
7005,-15
7006,-18
7007,-21
7008,-24
7009,-26
7010,-29
7011,-32
7012,-34
7013,-37
7014,-40
7015,-42
7016,-45
7017,-47
7018,-50
7019,-52
7020,-55
7021,-57
7022,-59
7023,-61
7024,-64
7025,-66
7026,-68
7027,-70
7028,-72
7029,-74
7030,-76
7031,-78
7032,-79
7033,-81
7034,-83
7035,-84
7036,-86
7037,-87
7038,-88
7039,-90
7040,-91
7041,-92
7042,-93
7043,-94
7044,-95
7045,-96
7046,-97
7047,-97
7048,-98
7049,-98
7050,-99
7051,-99
7052,-100
7053,-100
7054,-100
7055,-100
7056,-100
7057,-100
7058,-100
7059,-99
7060,-99
7061,-99
7062,-98
7063,-98
7064,-97
7065,-96
7066,-95
7067,-95
7068,-94
7069,-93
7070,-91
7071,-90
7072,-89
7073,-88
7074,-86
7075,-85
7076,-83
7077,-82
7078,-80
7079,-78
7080,-77
7081,-75
7082,-73
7083,-71
7084,-69
7085,-67
7086,-65
7087,-63
7088,-60
7089,-58
7090,-56
7091,-53
7092,-51
7093,-49
7094,-46
7095,-44
7096,-41
7097,-38
7098,-36
7099,-33
7100,-30
7101,-28
7102,-25
7103,-22
7104,-20
7105,-17
7106,-14
7107,-11
7108,-8
7109,-6
7110,-3
7111,0
7112,3
7113,6
7114,8
7115,11
7116,14
7117,17
7118,20
7119,22
7120,25
7121,28
7122,31
7123,33
7124,36
7125,39
7126,41
7127,44
7128,46
7129,49
7130,51
7131,54
7132,56
7133,58
7134,61
7135,63
7136,65
7137,67
7138,69
7139,71
7140,73
7141,75
7142,77
7143,79
7144,80
7145,82
7146,84
7147,85
7148,87
7149,88
7150,89
7151,91
7152,92
7153,93
7154,94
7155,95
7156,96
7157,96
7158,97
7159,98
7160,98
7161,99
7162,99
7163,100
7164,100
7165,100
7166,100
7167,100
7168,100
7169,100
7170,100
7171,99
7172,99
7173,98
7174,98
7175,97
7176,96
7177,96
7178,95
7179,94
7180,93
7181,92
7182,91
7183,89
7184,88
7185,87
7186,85
7187,84
7188,82
7189,80
7190,79
7191,77
7192,75
7193,73
7194,71
7195,69
7196,67
7197,65
7198,63
7199,61
7200,58
7201,56
7202,54
7203,51
7204,49
7205,46
7206,44
7207,41
7208,39
7209,36
7210,33
7211,31
7212,28
7213,25
7214,22
7215,20
7216,17
7217,14
7218,11
7219,8
7220,6
7221,3
7222,0
7223,-3
7224,-6
7225,-8
7226,-11
7227,-14
7228,-17
7229,-20
7230,-22
7231,-25
7232,-28
7233,-31
7234,-33
7235,-36
7236,-39
7237,-41
7238,-44
7239,-46
7240,-49
7241,-51
7242,-54
7243,-56
7244,-58
7245,-61
7246,-63
7247,-65
7248,-67
7249,-69
7250,-71
7251,-73
7252,-75
7253,-77
7254,-79
7255,-80
7256,-82
7257,-84
7258,-85
7259,-87
7260,-88
7261,-89
7262,-91
7263,-92
7264,-93
7265,-94
7266,-95
7267,-96
7268,-96
7269,-97
7270,-98
7271,-98
7272,-99
7273,-99
7274,-100
7275,-100
7276,-100
7277,-100
7278,-100
7279,-100
7280,-100
7281,-100
7282,-99
7283,-99
7284,-98
7285,-98
7286,-97
7287,-96
7288,-96
7289,-95
7290,-94
7291,-93
7292,-92
7293,-91
7294,-89
7295,-88
7296,-87
7297,-85
7298,-84
7299,-82
7300,-80
7301,-79
7302,-77
7303,-75
7304,-73
7305,-71
7306,-69
7307,-67
7308,-65
7309,-63
7310,-61
7311,-58
7312,-56
7313,-54
7314,-51
7315,-49
7316,-46
7317,-44
7318,-41
7319,-39
7320,-36
7321,-33
7322,-31
7323,-28
7324,-25
7325,-22
7326,-20
7327,-17
7328,-14
7329,-11
7330,-8
7331,-6
7332,-3
7333,0
7334,3
7335,6
7336,8
7337,11
7338,14
7339,17
7340,20
7341,22
7342,25
7343,28
7344,31
7345,33
7346,36
7347,39
7348,41
7349,44
7350,46
7351,49
7352,51
7353,54
7354,56
7355,58
7356,61
7357,63
7358,65
7359,67
7360,69
7361,71
7362,73
7363,75
7364,77
7365,79
7366,80
7367,82
7368,84
7369,85
7370,87
7371,88
7372,89
7373,91
7374,92
7375,93
7376,94
7377,95
7378,96
7379,96
7380,97
7381,98
7382,98
7383,99
7384,99
7385,100
7386,100
7387,100
7388,100
7389,100
7390,100
7391,100
7392,100
7393,99
7394,99
7395,98
7396,98
7397,97
7398,96
7399,96
7400,95
7401,94
7402,93
7403,92
7404,91
7405,89
7406,88
7407,87
7408,85
7409,84
7410,82
7411,80
7412,79
7413,77
7414,75
7415,73
7416,71
7417,69
7418,67
7419,65
7420,63
7421,61
7422,58
7423,56
7424,54
7425,51
7426,49
7427,46
7428,44
7429,41
7430,39
7431,36
7432,33
7433,31
7434,28
7435,25
7436,22
7437,20
7438,17
7439,14
7440,11
7441,8
7442,6
7443,3
7444,0
7445,-3
7446,-6
7447,-8
7448,-11
7449,-14
7450,-17
7451,-20
7452,-22
7453,-25
7454,-28
7455,-31
7456,-33
7457,-36
7458,-39
7459,-41
7460,-44
7461,-46
7462,-49
7463,-51
7464,-54
7465,-56
7466,-58
7467,-61
7468,-63
7469,-65
7470,-67
7471,-69
7472,-71
7473,-73
7474,-75
7475,-77
7476,-79
7477,-80
7478,-82
7479,-84
7480,-85
7481,-87
7482,-88
7483,-89
7484,-91
7485,-92
7486,-93
7487,-94
7488,-95
7489,-96
7490,-96
7491,-97
7492,-98
7493,-98
7494,-99
7495,-99
7496,-100
7497,-100
7498,-100
7499,-100
7500,-100
7501,-100
7502,-100
7503,-100
7504,-99
7505,-99
7506,-98
7507,-98
7508,-97
7509,-96
7510,-96
7511,-95
7512,-94
7513,-93
7514,-92
7515,-91
7516,-89
7517,-88
7518,-87
7519,-85
7520,-84
7521,-82
7522,-80
7523,-79
7524,-77
7525,-75
7526,-73
7527,-71
7528,-69
7529,-67
7530,-65
7531,-63
7532,-61
7533,-58
7534,-56
7535,-54
7536,-51
7537,-49
7538,-46
7539,-44
7540,-41
7541,-39
7542,-36
7543,-33
7544,-31
7545,-28
7546,-25
7547,-22
7548,-20
7549,-17
7550,-14
7551,-11
7552,-8
7553,-6
7554,-3
7555,0
7556,3
7557,6
7558,8
7559,11
7560,14
7561,17
7562,20
7563,22
7564,25
7565,28
7566,31
7567,33
7568,36
7569,39
7570,41
7571,44
7572,46
7573,49
7574,51
7575,54
7576,56
7577,58
7578,61
7579,63
7580,65
7581,67
7582,69
7583,71
7584,73
7585,75
7586,77
7587,79
7588,80
7589,82
7590,84
7591,85
7592,87
7593,88
7594,89
7595,91
7596,92
7597,93
7598,94
7599,95
7600,96
7601,96
7602,97
7603,98
7604,98
7605,99
7606,99
7607,100
7608,100
7609,100
7610,100
7611,100
7612,100
7613,100
7614,100
7615,99
7616,99
7617,98
7618,98
7619,97
7620,96
7621,96
7622,95
7623,94
7624,93
7625,92
7626,91
7627,89
7628,88
7629,87
7630,85
7631,84
7632,82
7633,80
7634,79
7635,77
7636,75
7637,73
7638,71
7639,69
7640,67
7641,65
7642,63
7643,61
7644,58
7645,56
7646,54
7647,51
7648,49
7649,46
7650,44
7651,41
7652,39
7653,36
7654,33
7655,31
7656,28
7657,25
7658,22
7659,20
7660,17
7661,14
7662,11
7663,8
7664,6
7665,3
7666,0
7667,-3
7668,-6
7669,-8
7670,-11
7671,-14
7672,-17
7673,-20
7674,-22
7675,-25
7676,-28
7677,-31
7678,-33
7679,-36
7680,-39
7681,-41
7682,-44
7683,-46
7684,-49
7685,-51
7686,-54
7687,-56
7688,-58
7689,-61
7690,-63
7691,-65
7692,-67
7693,-69
7694,-71
7695,-73
7696,-75
7697,-77
7698,-79
7699,-80
7700,-82
7701,-84
7702,-85
7703,-87
7704,-88
7705,-89
7706,-91
7707,-92
7708,-93
7709,-94
7710,-95
7711,-96
7712,-96
7713,-97
7714,-98
7715,-98
7716,-99
7717,-99
7718,-100
7719,-100
7720,-100
7721,-100
7722,-100
7723,-100
7724,-100
7725,-100
7726,-99
7727,-99
7728,-98
7729,-98
7730,-97
7731,-96
7732,-96
7733,-95
7734,-94
7735,-93
7736,-92
7737,-91
7738,-89
7739,-88
7740,-87
7741,-85
7742,-84
7743,-82
7744,-80
7745,-79
7746,-77
7747,-75
7748,-73
7749,-71
7750,-69
7751,-67
7752,-65
7753,-63
7754,-61
7755,-58
7756,-56
7757,-54
7758,-51
7759,-49
7760,-46
7761,-44
7762,-41
7763,-39
7764,-36
7765,-33
7766,-31
7767,-28
7768,-25
7769,-22
7770,-20
7771,-17
7772,-14
7773,-11
7774,-8
7775,-6
7776,-3
7777,0
7778,3
7779,6
7780,8
7781,11
7782,14
7783,17
7784,20
7785,22
7786,25
7787,28
7788,30
7789,33
7790,36
7791,38
7792,41
7793,44
7794,46
7795,49
7796,51
7797,53
7798,56
7799,58
7800,60
7801,63
7802,65
7803,67
7804,69
7805,71
7806,73
7807,75
7808,77
7809,78
7810,80
7811,82
7812,83
7813,85
7814,86
7815,88
7816,89
7817,90
7818,91
7819,93
7820,94
7821,95
7822,95
7823,96
7824,97
7825,98
7826,98
7827,99
7828,99
7829,99
7830,100
7831,100
7832,100
7833,100
7834,100
7835,100
7836,100
7837,99
7838,99
7839,98
7840,98
7841,97
7842,97
7843,96
7844,95
7845,94
7846,93
7847,92
7848,91
7849,90
7850,88
7851,87
7852,86
7853,84
7854,83
7855,81
7856,79
7857,78
7858,76
7859,74
7860,72
7861,70
7862,68
7863,66
7864,64
7865,61
7866,59
7867,57
7868,55
7869,52
7870,50
7871,47
7872,45
7873,42
7874,40
7875,37
7876,34
7877,32
7878,29
7879,26
7880,24
7881,21
7882,18
7883,15
7884,13
7885,10
7886,7
7887,4
7888,1
7889,-1
7890,-4
7891,-7
7892,-10
7893,-13
7894,-15
7895,-18
7896,-21
7897,-24
7898,-26
7899,-29
7900,-32
7901,-34
7902,-37
7903,-40
7904,-42
7905,-45
7906,-47
7907,-50
7908,-52
7909,-55
7910,-57
7911,-59
7912,-61
7913,-64
7914,-66
7915,-68
7916,-70
7917,-72
7918,-74
7919,-76
7920,-78
7921,-79
7922,-81
7923,-83
7924,-84
7925,-86
7926,-87
7927,-88
7928,-90
7929,-91
7930,-92
7931,-93
7932,-94
7933,-95
7934,-96
7935,-97
7936,-97
7937,-98
7938,-98
7939,-99
7940,-99
7941,-100
7942,-100
7943,-100
7944,-100
7945,-100
7946,-100
7947,-100
7948,-99
7949,-99
7950,-99
7951,-98
7952,-98
7953,-97
7954,-96
7955,-95
7956,-95
7957,-94
7958,-93
7959,-91
7960,-90
7961,-89
7962,-88
7963,-86
7964,-85
7965,-83
7966,-82
7967,-80
7968,-78
7969,-77
7970,-75
7971,-73
7972,-71
7973,-69
7974,-67
7975,-65
7976,-63
7977,-60
7978,-58
7979,-56
7980,-53
7981,-51
7982,-49
7983,-46
7984,-44
7985,-41
7986,-38
7987,-36
7988,-33
7989,-30
7990,-28
7991,-25
7992,-22
7993,-20
7994,-17
7995,-14
7996,-11
7997,-8
7998,-6
7999,-3